2020-08-20-1903,9.9,11.9,195.0
2020-08-20-1909,10.7,11.9,199.0
2020-08-20-1945,14.0,15.4,234.0
2020-08-20-1950,11.9,13.2,233.0
2020-08-20-2031,11.7,12.8,236.0
2020-08-20-2208,10.7,11.9,230.0
2020-08-21-1032,7.2,8.4,259.0
2020-08-24-1725,8.6,10.5,2.0
2020-08-24-1726,8.6,10.5,2.0
2020-08-24-1727,8.6,10.5,2.0
2020-08-24-1728,7.0,9.3,1.0
2020-08-24-1730,7.0,9.3,1.0
2020-08-24-1735,6.8,8.0,355.0
2020-08-24-1740,7.6,9.3,354.0
2020-08-24-1745,6.8,8.0,349.0
2020-08-24-1750,7.6,8.7,10.0
2020-08-24-1755,7.2,8.9,4.0
2020-08-24-1800,5.6,7.2,343.0
2020-08-24-1805,7.4,9.1,9.0
2020-08-24-1810,5.8,7.8,354.0
2020-08-24-1815,7.8,9.3,3.0
2020-08-24-1820,5.6,7.2,9.0
2020-08-24-1825,9.5,10.1,18.0
2020-08-24-1830,6.8,7.8,6.0
2020-08-24-1835,7.2,8.7,347.0
2020-08-24-1840,5.6,6.8,351.0
2020-08-24-1850,6.8,8.4,8.0
2020-08-24-1855,5.4,6.4,345.0
2020-08-24-1900,5.1,7.0,11.0
2020-08-24-1905,4.3,7.4,6.0
2020-08-24-1910,5.4,6.2,356.0
2020-08-24-1915,5.8,6.8,1.0
2020-08-24-1920,6.0,7.2,357.0
2020-08-24-1925,5.4,7.2,14.0
2020-08-24-1930,6.2,8.0,16.0
2020-08-24-1935,6.0,7.2,2.0
2020-08-24-1940,4.9,6.6,1.0
2020-08-24-1945,4.7,5.6,4.0
2020-08-24-1950,7.0,8.2,18.0
2020-08-24-1955,4.5,5.8,16.0
2020-08-24-2000,6.0,7.8,21.0
2020-08-24-2005,6.8,7.8,10.0
2020-08-24-2010,4.7,6.4,6.0
2020-08-24-2015,6.4,8.0,360.0
2020-08-24-2020,6.2,7.0,5.0
2020-08-24-2025,6.2,7.6,6.0
2020-08-24-2030,5.1,6.0,359.0
2020-08-24-2035,4.9,5.6,4.0
2020-08-24-2040,4.9,5.8,11.0
2020-08-24-2045,6.2,7.4,13.0
2020-08-24-2050,5.1,5.8,10.0
2020-08-24-2055,6.6,7.6,358.0
2020-08-24-2100,5.1,6.4,9.0
2020-08-24-2105,5.8,8.2,12.0
2020-08-24-2110,6.4,7.6,14.0
2020-08-24-2115,6.6,7.2,9.0
2020-08-24-2120,7.4,8.7,14.0
2020-08-24-2125,5.1,6.0,17.0
2020-08-24-2130,6.6,8.2,17.0
2020-08-24-2135,5.4,6.6,22.0
2020-08-24-2140,6.2,7.2,35.0
2020-08-24-2145,6.0,7.0,8.0
2020-08-24-2150,6.2,7.6,10.0
2020-08-24-2155,7.2,8.6,8.0
2020-08-24-2200,5.4,6.8,17.0
2020-08-24-2205,6.6,7.8,24.0
2020-08-24-2210,6.0,6.8,24.0
2020-08-24-2215,6.0,6.8,21.0
2020-08-24-2220,4.9,5.8,22.0
2020-08-24-2225,5.1,6.6,11.0
2020-08-24-2230,6.6,8.0,5.0
2020-08-24-2235,5.4,7.0,8.0
2020-08-24-2240,5.1,6.4,16.0
2020-08-24-2245,6.0,6.8,22.0
2020-08-24-2250,4.7,6.0,21.0
2020-08-24-2255,5.4,6.4,37.0
2020-08-24-2300,4.5,5.6,34.0
2020-08-24-2305,5.8,7.6,35.0
2020-08-24-2310,6.0,7.4,37.0
2020-08-24-2315,4.5,5.2,15.0
2020-08-24-2320,5.1,6.2,18.0
2020-08-24-2325,3.9,4.7,19.0
2020-08-24-2330,4.9,6.0,31.0
2020-08-24-2335,3.3,4.3,26.0
2020-08-24-2340,2.3,2.7,18.0
2020-08-24-2345,3.7,4.7,41.0
2020-08-24-2350,2.9,3.5,50.0
2020-08-24-2355,2.3,3.5,3.0
2020-08-25-0000,3.3,3.9,43.0
2020-08-25-0005,3.1,4.3,48.0
2020-08-25-0010,3.5,4.5,28.0
2020-08-25-0015,2.5,3.7,42.0
2020-08-25-0020,2.7,3.3,26.0
2020-08-25-0025,3.1,4.1,30.0
2020-08-25-0030,1.9,2.7,29.0
2020-08-25-0035,3.5,4.3,68.0
2020-08-25-0040,2.3,3.1,95.0
2020-08-25-0045,2.9,3.7,129.0
2020-08-25-0050,3.3,3.9,121.0
2020-08-25-0055,3.9,4.9,120.0
2020-08-25-0100,3.7,4.7,125.0
2020-08-25-0105,3.5,4.1,133.0
2020-08-25-0110,3.3,3.5,145.0
2020-08-25-0115,3.3,4.1,138.0
2020-08-25-0120,3.5,4.3,137.0
2020-08-25-0125,3.3,3.9,130.0
2020-08-25-0130,3.9,4.3,138.0
2020-08-25-0135,4.3,4.9,159.0
2020-08-25-0140,4.7,5.2,149.0
2020-08-25-0145,4.9,5.4,147.0
2020-08-25-0150,4.5,5.2,152.0
2020-08-25-0155,4.9,5.6,149.0
2020-08-25-0200,4.7,5.4,144.0
2020-08-25-0205,4.5,5.2,141.0
2020-08-25-0210,3.7,4.5,147.0
2020-08-25-0215,3.7,4.5,146.0
2020-08-25-0220,3.1,3.5,144.0
2020-08-25-0225,2.5,3.3,162.0
2020-08-25-0230,3.9,4.9,179.0
2020-08-25-0235,3.7,4.3,171.0
2020-08-25-0240,3.5,4.3,179.0
2020-08-25-0245,2.9,3.7,195.0
2020-08-25-0250,3.3,4.1,175.0
2020-08-25-0255,3.9,4.3,166.0
2020-08-25-0300,3.7,4.3,190.0
2020-08-25-0305,3.7,4.5,185.0
2020-08-25-0310,4.1,4.5,188.0
2020-08-25-0315,2.7,3.5,219.0
2020-08-25-0320,4.5,5.1,248.0
2020-08-25-0325,3.1,3.9,237.0
2020-08-25-0330,3.9,4.9,215.0
2020-08-25-0335,4.5,4.9,215.0
2020-08-25-0340,4.3,4.9,217.0
2020-08-25-0345,3.9,5.1,222.0
2020-08-25-0350,5.1,6.0,238.0
2020-08-25-0355,4.7,5.6,236.0
2020-08-25-0400,4.9,5.6,232.0
2020-08-25-0405,4.9,5.6,230.0
2020-08-25-0410,4.7,5.6,238.0
2020-08-25-0415,5.4,6.6,228.0
2020-08-25-0420,5.4,6.6,235.0
2020-08-25-0425,5.2,6.2,225.0
2020-08-25-0430,5.2,6.0,224.0
2020-08-25-0435,5.4,6.8,230.0
2020-08-25-0440,5.8,6.6,228.0
2020-08-25-0445,5.8,6.2,228.0
2020-08-25-0450,5.6,6.4,248.0
2020-08-25-0455,5.6,6.4,240.0
2020-08-25-0500,6.4,7.4,250.0
2020-08-25-0505,7.4,8.7,251.0
2020-08-25-0510,7.0,8.2,264.0
2020-08-25-0515,7.0,8.2,278.0
2020-08-25-0520,7.4,8.4,270.0
2020-08-25-0525,7.2,8.2,263.0
2020-08-25-0530,7.4,7.8,266.0
2020-08-25-0535,7.0,8.2,272.0
2020-08-25-0540,6.8,7.4,282.0
2020-08-25-0545,6.6,7.8,271.0
2020-08-25-0550,5.6,6.4,284.0
2020-08-25-0555,5.2,6.8,271.0
2020-08-25-0600,4.9,5.4,278.0
2020-08-25-0605,5.4,6.6,275.0
2020-08-25-0610,5.2,6.0,260.0
2020-08-25-0615,4.9,6.2,276.0
2020-08-25-0620,5.4,6.6,281.0
2020-08-25-0625,4.5,6.2,280.0
2020-08-25-0630,6.0,7.0,288.0
2020-08-25-0635,5.4,6.8,278.0
2020-08-25-0640,5.8,6.6,269.0
2020-08-25-0645,4.7,5.2,269.0
2020-08-25-0650,5.1,5.4,284.0
2020-08-25-0655,5.1,6.0,285.0
2020-08-25-0700,5.8,6.4,287.0
2020-08-25-0705,5.2,6.2,277.0
2020-08-25-0710,4.9,5.8,278.0
2020-08-25-0715,5.4,6.2,272.0
2020-08-25-0720,4.7,5.6,273.0
2020-08-25-0725,5.2,5.8,262.0
2020-08-25-0730,4.5,5.2,245.0
2020-08-25-0735,5.4,6.2,259.0
2020-08-25-0740,5.4,7.0,298.0
2020-08-25-0745,7.4,8.4,287.0
2020-08-25-0750,7.0,8.2,284.0
2020-08-25-0755,7.0,8.6,294.0
2020-08-25-0800,5.6,6.8,287.0
2020-08-25-0805,7.2,8.2,287.0
2020-08-25-0810,7.6,8.4,297.0
2020-08-25-0815,6.4,7.2,304.0
2020-08-25-0820,6.0,7.0,278.0
2020-08-25-0825,6.2,7.2,290.0
2020-08-25-0830,7.2,8.4,292.0
2020-08-25-0835,5.6,6.4,284.0
2020-08-25-0840,6.6,7.8,282.0
2020-08-25-0845,6.4,7.6,287.0
2020-08-25-0850,7.8,8.6,269.0
2020-08-25-0855,7.0,7.8,266.0
2020-08-25-0900,6.8,7.4,261.0
2020-08-25-0905,5.1,6.6,255.0
2020-08-25-0910,5.8,7.0,265.0
2020-08-25-0915,6.0,6.8,258.0
2020-08-25-0920,6.0,7.6,256.0
2020-08-25-0925,6.4,8.0,265.0
2020-08-25-0930,7.6,8.6,266.0
2020-08-25-0935,5.6,8.4,250.0
2020-08-25-0940,6.8,8.0,257.0
2020-08-25-0945,6.0,7.2,244.0
2020-08-25-0950,6.6,8.4,235.0
2020-08-25-0955,6.4,7.2,250.0
2020-08-25-1000,6.2,7.6,242.0
2020-08-25-1005,7.2,8.0,253.0
2020-08-25-1010,7.6,8.7,270.0
2020-08-25-1015,4.9,5.6,257.0
2020-08-25-1020,7.0,8.4,262.0
2020-08-25-1025,5.4,7.6,271.0
2020-08-25-1030,7.0,8.9,264.0
2020-08-25-1035,7.6,8.9,245.0
2020-08-25-1040,7.0,8.7,266.0
2020-08-25-1045,6.8,8.6,268.0
2020-08-25-1050,6.8,8.9,256.0
2020-08-25-1055,6.6,8.2,265.0
2020-08-25-1110,6.8,7.4,253.0
2020-08-25-1115,7.6,9.5,252.0
2020-08-25-1120,7.2,8.0,236.0
2020-08-25-1125,7.6,9.1,270.0
2020-08-25-1130,8.4,9.5,255.0
2020-08-25-1135,6.6,8.6,261.0
2020-08-25-1140,7.4,9.3,236.0
2020-08-25-1145,7.0,8.4,239.0
2020-08-25-1150,8.2,9.7,238.0
2020-08-25-1155,9.5,10.9,247.0
2020-08-25-1200,7.0,8.6,245.0
2020-08-25-1205,6.4,8.9,246.0
2020-08-25-1210,6.8,8.9,236.0
2020-08-25-1215,7.4,8.6,256.0
2020-08-25-1220,7.2,9.5,250.0
2020-08-25-1225,7.2,8.9,268.0
2020-08-25-1230,8.2,9.3,247.0
2020-08-25-1235,8.0,8.7,236.0
2020-08-25-1240,8.2,9.5,251.0
2020-08-25-1245,6.8,7.6,259.0
2020-08-25-1250,8.4,10.5,255.0
2020-08-25-1255,8.7,10.1,248.0
2020-08-25-1300,8.2,10.9,247.0
2020-08-25-1305,6.6,7.8,250.0
2020-08-25-1310,9.9,11.3,251.0
2020-08-25-1315,7.2,8.2,254.0
2020-08-25-1320,8.7,10.1,247.0
2020-08-25-1325,7.4,8.7,234.0
2020-08-25-1330,10.3,11.7,257.0
2020-08-25-1335,9.1,11.5,241.0
2020-08-25-1340,9.3,10.7,245.0
2020-08-25-1345,9.7,11.3,242.0
2020-08-25-1350,9.7,11.3,239.0
2020-08-25-1355,9.1,12.4,244.0
2020-08-25-1400,10.1,12.6,244.0
2020-08-25-1405,8.2,9.5,257.0
2020-08-25-1410,9.7,12.6,256.0
2020-08-25-1415,10.9,12.2,243.0
2020-08-25-1420,9.7,11.7,237.0
2020-08-25-1425,10.5,12.4,238.0
2020-08-25-1430,11.1,12.6,236.0
2020-08-25-1435,9.5,13.0,245.0
2020-08-25-1440,9.9,12.8,242.0
2020-08-25-1445,9.5,11.1,236.0
2020-08-25-1450,9.5,11.7,257.0
2020-08-25-1455,10.3,12.1,250.0
2020-08-25-1500,10.7,11.9,250.0
2020-08-25-1505,9.9,12.1,268.0
2020-08-25-1510,9.3,11.1,253.0
2020-08-25-1515,9.1,11.1,239.0
2020-08-25-1520,10.5,12.2,245.0
2020-08-25-1525,9.9,13.0,252.0
2020-08-25-1530,8.6,9.7,266.0
2020-08-25-1535,11.3,12.6,250.0
2020-08-25-1540,9.1,10.3,255.0
2020-08-25-1550,9.5,12.6,268.0
2020-08-25-1555,8.9,11.3,264.0
2020-08-25-1600,8.7,12.1,255.0
2020-08-25-1605,8.7,9.9,249.0
2020-08-25-1610,9.1,11.3,260.0
2020-08-25-1615,10.5,12.2,246.0
2020-08-25-1620,9.1,10.5,242.0
2020-08-25-1625,8.4,9.7,244.0
2020-08-25-1630,10.3,13.0,253.0
2020-08-25-1635,8.7,11.5,248.0
2020-08-25-1640,10.1,12.1,263.0
2020-08-25-1645,10.1,11.5,249.0
2020-08-25-1650,8.4,9.7,262.0
2020-08-25-1655,9.5,11.9,249.0
2020-08-25-1655,9.5,11.9,249.0
2020-08-25-1700,9.3,11.5,260.0
2020-08-25-1705,10.1,11.3,260.0
2020-08-25-1710,10.7,13.2,255.0
2020-08-25-1715,8.2,9.1,251.0
2020-08-25-1720,8.9,10.3,254.0
2020-08-25-1725,8.0,9.5,262.0
2020-08-25-1730,8.7,10.3,253.0
2020-08-25-1735,9.5,11.1,245.0
2020-08-25-1740,10.3,11.5,255.0
2020-08-25-1745,8.6,9.3,245.0
2020-08-25-1750,9.7,11.3,244.0
2020-08-25-1755,7.6,9.1,245.0
2020-08-25-1800,7.8,9.5,248.0
2020-08-25-1805,9.3,11.1,244.0
2020-08-25-1810,9.7,11.5,241.0
2020-08-25-1815,7.8,8.9,247.0
2020-08-25-1820,9.9,11.1,260.0
2020-08-25-1825,8.6,11.5,248.0
2020-08-25-1830,8.7,9.7,247.0
2020-08-25-1840,10.7,12.4,260.0
2020-08-25-1845,9.1,10.7,252.0
2020-08-25-1850,9.5,10.9,239.0
2020-08-25-1905,10.9,12.2,249.0
2020-08-25-1910,10.7,12.2,233.0
2020-08-25-1915,10.5,11.7,250.0
2020-08-25-1920,9.1,10.7,244.0
2020-08-25-1925,10.3,11.5,247.0
2020-08-25-1930,10.7,12.6,257.0
2020-08-25-1935,10.5,11.9,250.0
2020-08-25-1940,10.9,12.2,244.0
2020-08-25-1945,10.5,12.1,242.0
2020-08-25-1955,10.7,12.2,237.0
2020-08-25-2000,11.9,12.8,248.0
2020-08-25-2005,10.7,11.7,254.0
2020-08-25-2010,9.7,10.9,247.0
2020-08-25-2045,11.3,12.2,239.0
2020-08-25-2055,10.9,11.9,231.0
2020-08-25-2110,11.7,12.8,234.0
2020-08-25-2115,11.9,13.2,234.0
2020-08-25-2120,11.7,13.4,223.0
2020-08-25-2210,11.7,13.6,226.0
2020-08-25-2245,14.0,16.3,220.0
2020-08-25-2255,14.2,15.7,223.0
2020-08-25-2300,14.0,15.9,225.0
2020-08-25-2305,14.4,16.1,228.0
2020-08-25-2310,14.4,17.9,220.0
2020-08-25-2315,15.0,16.3,220.0
2020-08-25-2320,15.6,17.9,237.0
2020-08-25-2325,15.4,17.1,230.0
2020-08-25-2330,16.5,18.1,223.0
2020-08-25-2335,15.7,18.3,223.0
2020-08-25-2340,15.2,16.9,229.0
2020-08-25-2345,15.0,17.3,234.0
2020-08-25-2350,15.4,16.9,230.0
2020-08-25-2355,14.6,16.7,228.0
2020-08-26-0000,16.3,18.1,224.0
2020-08-26-0005,15.0,16.9,227.0
2020-08-26-0010,14.4,16.9,230.0
2020-08-26-0020,14.0,15.9,231.0
2020-08-26-0025,14.8,16.3,231.0
2020-08-26-0030,15.6,16.9,231.0
2020-08-26-0035,16.3,17.7,227.0
2020-08-26-0045,16.5,18.5,230.0
2020-08-26-0050,16.7,18.7,228.0
2020-08-26-0055,16.9,19.2,233.0
2020-08-26-0120,18.7,20.4,231.0
2020-08-26-0125,15.2,17.7,229.0
2020-08-26-0130,18.1,20.8,225.0
2020-08-26-0135,18.9,21.2,224.0
2020-08-26-0140,18.7,20.8,233.0
2020-08-26-0145,17.5,19.8,235.0
2020-08-26-0150,18.3,20.4,228.0
2020-08-26-0155,17.3,19.2,232.0
2020-08-26-0200,18.3,20.6,237.0
2020-08-26-0205,19.8,21.2,233.0
2020-08-26-0210,16.5,18.7,234.0
2020-08-26-0215,18.3,20.6,227.0
2020-08-26-0220,17.1,18.9,234.0
2020-08-26-0225,18.5,20.6,226.0
2020-08-26-0230,16.7,18.9,231.0
2020-08-26-0235,17.5,19.2,231.0
2020-08-26-0240,16.1,17.7,238.0
2020-08-26-0245,18.5,21.2,237.0
2020-08-26-0250,17.5,20.0,235.0
2020-08-26-0255,18.7,20.6,234.0
2020-08-26-0300,20.4,24.1,234.0
2020-08-26-0305,19.8,22.2,231.0
2020-08-26-0310,19.4,22.7,236.0
2020-08-26-0315,18.3,21.0,229.0
2020-08-26-0320,19.8,23.1,230.0
2020-08-26-0325,19.6,21.8,235.0
2020-08-26-0330,21.6,24.1,233.0
2020-08-26-0335,19.8,22.9,231.0
2020-08-26-0340,19.0,22.2,231.0
2020-08-26-0345,20.4,22.7,240.0
2020-08-26-0350,21.0,22.5,239.0
2020-08-26-0355,20.2,22.7,243.0
2020-08-26-0400,20.2,23.7,234.0
2020-08-26-0405,19.8,23.1,240.0
2020-08-26-0410,20.4,24.5,238.0
2020-08-26-0415,19.8,22.4,237.0
2020-08-26-0420,18.9,20.4,244.0
2020-08-26-0425,19.6,22.2,240.0
2020-08-26-0430,21.0,23.5,243.0
2020-08-26-0435,18.5,21.0,246.0
2020-08-26-0440,20.8,25.3,247.0
2020-08-26-0445,21.4,23.7,240.0
2020-08-26-0450,21.4,24.5,238.0
2020-08-26-0455,21.6,25.9,241.0
2020-08-26-0500,20.4,22.7,243.0
2020-08-26-0505,20.4,22.9,240.0
2020-08-26-0510,17.3,20.0,238.0
2020-08-26-0515,17.1,18.5,241.0
2020-08-26-0520,16.5,21.4,243.0
2020-08-26-0525,18.1,19.6,244.0
2020-08-26-0530,14.4,15.7,252.0
2020-08-26-0535,18.3,20.0,269.0
2020-08-26-0540,21.4,24.7,256.0
2020-08-26-0545,19.0,22.5,254.0
2020-08-26-0550,22.7,25.5,251.0
2020-08-26-0555,21.4,23.1,252.0
2020-08-26-0600,20.2,24.3,255.0
2020-08-26-0605,24.1,27.0,251.0
2020-08-26-0610,26.0,30.3,253.0
2020-08-26-0615,23.3,25.5,251.0
2020-08-26-0620,18.9,21.4,245.0
2020-08-26-0625,16.5,19.6,249.0
2020-08-26-0630,18.1,20.4,249.0
2020-08-26-0635,18.7,21.4,251.0
2020-08-26-0640,18.9,21.2,251.0
2020-08-26-0645,18.7,20.8,251.0
2020-08-26-0650,16.7,19.6,248.0
2020-08-26-0655,20.0,23.5,255.0
2020-08-26-0700,18.7,21.2,266.0
2020-08-26-0705,20.2,24.7,266.0
2020-08-26-0710,21.8,25.5,265.0
2020-08-26-0715,20.8,23.3,259.0
2020-08-26-0720,21.0,23.3,261.0
2020-08-26-0725,20.4,22.2,267.0
2020-08-26-0730,21.4,24.1,261.0
2020-08-26-0735,22.7,26.0,258.0
2020-08-26-0740,20.8,23.3,264.0
2020-08-26-0745,21.2,24.9,260.0
2020-08-26-0750,22.9,25.7,257.0
2020-08-26-0755,23.7,27.0,258.0
2020-08-26-0800,20.6,23.3,263.0
2020-08-26-0805,22.2,24.9,265.0
2020-08-26-0810,22.0,24.1,263.0
2020-08-26-0815,21.0,26.2,269.0
2020-08-26-0820,21.4,25.1,265.0
2020-08-26-0825,21.0,25.1,271.0
2020-08-26-0830,20.6,24.9,272.0
2020-08-26-0835,19.2,21.8,273.0
2020-08-26-0840,20.0,23.9,268.0
2020-08-26-0845,20.0,23.9,266.0
2020-08-26-0850,19.0,22.7,264.0
2020-08-26-0855,20.0,22.4,270.0
2020-08-26-0900,19.4,22.5,261.0
2020-08-26-0905,20.2,24.3,265.0
2020-08-26-0910,22.0,24.5,261.0
2020-08-26-0915,21.2,24.9,263.0
2020-08-26-0920,20.0,22.9,263.0
2020-08-26-0925,21.0,23.7,264.0
2020-08-26-0930,20.4,23.3,263.0
2020-08-26-0935,20.4,22.9,270.0
2020-08-26-0940,22.7,24.9,269.0
2020-08-26-0945,22.5,25.5,277.0
2020-08-26-0950,22.2,24.1,301.0
2020-08-26-0955,22.7,25.9,292.0
2020-08-26-1000,26.2,30.9,291.0
2020-08-26-1005,20.8,23.9,290.0
2020-08-26-1010,22.5,28.2,292.0
2020-08-26-1015,18.7,21.4,289.0
2020-08-26-1020,19.8,22.0,282.0
2020-08-26-1025,21.6,24.3,277.0
2020-08-26-1030,22.5,25.5,270.0
2020-08-26-1035,21.6,26.8,263.0
2020-08-26-1040,19.8,22.4,262.0
2020-08-26-1045,20.0,22.2,266.0
2020-08-26-1050,17.7,21.8,275.0
2020-08-26-1055,18.1,21.4,282.0
2020-08-26-1100,18.3,19.4,286.0
2020-08-26-1105,16.7,20.2,286.0
2020-08-26-1110,16.7,20.2,284.0
2020-08-26-1115,18.5,21.2,287.0
2020-08-26-1120,18.1,20.2,290.0
2020-08-26-1125,17.5,19.8,289.0
2020-08-26-1130,15.6,18.9,291.0
2020-08-26-1135,19.0,21.8,289.0
2020-08-26-1140,20.8,23.1,294.0
2020-08-26-1145,18.9,20.6,285.0
2020-08-26-1150,17.3,20.4,278.0
2020-08-26-1155,17.7,20.0,273.0
2020-08-26-1200,19.0,21.8,276.0
2020-08-26-1205,19.6,22.5,278.0
2020-08-26-1210,18.9,20.8,270.0
2020-08-26-1215,18.1,20.4,281.0
2020-08-26-1220,16.5,18.9,274.0
2020-08-26-1225,18.5,21.4,274.0
2020-08-26-1230,20.2,22.9,271.0
2020-08-26-1235,18.3,22.4,271.0
2020-08-26-1240,19.4,21.6,271.0
2020-08-26-1245,17.5,20.0,266.0
2020-08-26-1250,18.9,20.2,272.0
2020-08-26-1255,19.8,24.1,276.0
2020-08-26-1300,20.4,23.1,275.0
2020-08-26-1305,18.1,23.7,278.0
2020-08-26-1310,17.5,21.0,269.0
2020-08-26-1315,20.2,22.5,271.0
2020-08-26-1320,17.9,23.5,268.0
2020-08-26-1325,19.0,23.5,267.0
2020-08-26-1330,19.2,21.8,264.0
2020-08-26-1335,18.9,22.2,263.0
2020-08-26-1340,21.2,23.5,264.0
2020-08-26-1345,17.7,20.0,267.0
2020-08-26-1350,18.7,22.7,260.0
2020-08-26-1355,19.0,21.8,263.0
2020-08-26-1400,16.9,20.8,270.0
2020-08-26-1405,19.2,22.2,274.0
2020-08-26-1410,17.7,19.8,267.0
2020-08-26-1415,18.5,21.2,270.0
2020-08-26-1420,17.5,20.6,265.0
2020-08-26-1425,19.8,22.7,264.0
2020-08-26-1430,20.0,22.7,265.0
2020-08-26-1435,18.9,21.2,273.0
2020-08-26-1440,18.5,22.0,270.0
2020-08-26-1445,20.2,22.9,270.0
2020-08-26-1450,20.4,22.7,273.0
2020-08-26-1455,20.8,22.9,278.0
2020-08-26-1500,20.4,23.5,275.0
2020-08-26-1505,21.8,24.9,271.0
2020-08-26-1510,21.8,27.0,275.0
2020-08-26-1515,19.0,21.0,269.0
2020-08-26-1520,20.6,23.9,271.0
2020-08-26-1525,19.4,22.2,264.0
2020-08-26-1530,21.0,23.7,263.0
2020-08-26-1535,22.2,27.0,265.0
2020-08-26-1540,19.2,23.3,265.0
2020-08-26-1545,18.5,20.6,264.0
2020-08-26-1550,20.0,22.5,261.0
2020-08-26-1555,20.0,23.7,258.0
2020-08-26-1600,19.4,21.6,262.0
2020-08-26-1605,19.4,22.5,266.0
2020-08-26-1610,20.2,22.7,274.0
2020-08-26-1615,21.0,24.1,272.0
2020-08-26-1620,20.8,23.1,267.0
2020-08-26-1625,20.6,24.9,270.0
2020-08-26-1630,19.8,23.1,273.0
2020-08-26-1635,20.8,24.3,270.0
2020-08-26-1640,21.6,24.5,268.0
2020-08-26-1645,21.6,23.5,261.0
2020-08-26-1650,21.4,24.3,261.0
2020-08-26-1655,20.0,25.1,258.0
2020-08-26-1700,18.9,23.1,257.0
2020-08-26-1705,21.4,24.1,257.0
2020-08-26-1710,20.4,23.1,252.0
2020-08-26-1715,21.2,23.7,254.0
2020-08-26-1720,18.9,22.9,248.0
2020-08-26-1725,19.8,22.5,258.0
2020-08-26-1730,19.8,22.2,257.0
2020-08-26-1735,16.9,18.3,255.0
2020-08-26-1740,18.7,21.6,258.0
2020-08-26-1745,19.4,22.2,254.0
2020-08-26-1750,19.4,21.2,262.0
2020-08-26-1755,18.5,20.4,264.0
2020-08-26-1800,16.3,18.5,262.0
2020-08-26-1805,18.7,21.0,266.0
2020-08-26-1810,18.1,20.0,261.0
2020-08-26-1815,19.2,21.2,261.0
2020-08-26-1820,17.9,19.4,255.0
2020-08-26-1825,18.7,20.8,263.0
2020-08-26-1830,18.9,23.3,263.0
2020-08-26-1835,19.0,20.6,258.0
2020-08-26-1840,16.9,19.4,262.0
2020-08-26-1845,19.0,21.8,261.0
2020-08-26-1850,17.3,18.9,251.0
2020-08-26-1855,18.3,20.6,257.0
2020-08-26-1900,18.1,20.2,255.0
2020-08-26-1905,19.8,21.8,257.0
2020-08-26-1910,19.0,21.6,260.0
2020-08-26-1915,18.9,21.4,255.0
2020-08-26-1920,17.5,20.8,259.0
2020-08-26-1925,19.2,21.2,259.0
2020-08-26-1930,19.2,22.4,258.0
2020-08-26-1935,17.5,19.4,259.0
2020-08-26-1940,17.7,20.2,257.0
2020-08-26-1945,18.3,20.8,257.0
2020-08-26-1950,18.7,21.4,261.0
2020-08-26-1955,16.9,19.2,264.0
2020-08-26-2000,17.9,20.4,263.0
2020-08-26-2005,17.9,20.4,263.0
2020-08-26-2010,20.8,23.1,262.0
2020-08-26-2015,17.9,21.0,270.0
2020-08-26-2020,16.9,20.0,260.0
2020-08-26-2025,16.9,20.0,260.0
2020-08-26-2030,16.9,20.0,260.0
2020-08-26-2035,20.4,22.5,258.0
2020-08-26-2040,26.6,30.1,256.0
2020-08-26-2045,26.6,30.1,256.0
2020-08-26-2050,11.1,12.2,236.0
2020-08-26-2055,13.0,15.2,247.0
2020-08-26-2100,19.2,23.1,254.0
2020-08-26-2105,17.5,19.2,259.0
2020-08-26-2110,20.0,21.8,261.0
2020-08-26-2115,19.6,21.8,264.0
2020-08-26-2120,19.4,22.2,257.0
2020-08-26-2125,19.4,23.1,260.0
2020-08-26-2130,19.4,21.6,258.0
2020-08-26-2135,19.2,21.6,263.0
2020-08-26-2140,19.0,21.2,261.0
2020-08-26-2145,18.9,21.4,262.0
2020-08-26-2150,18.5,20.4,264.0
2020-08-26-2155,19.0,22.7,263.0
2020-08-26-2200,21.2,24.3,267.0
2020-08-26-2205,20.6,22.5,263.0
2020-08-26-2210,18.1,20.4,265.0
2020-08-26-2215,17.7,19.2,265.0
2020-08-26-2220,18.3,20.0,265.0
2020-08-26-2225,17.5,20.6,265.0
2020-08-26-2230,17.7,19.6,266.0
2020-08-26-2235,16.9,19.0,264.0
2020-08-26-2240,17.7,19.4,263.0
2020-08-26-2245,15.7,18.7,266.0
2020-08-26-2250,16.5,19.8,265.0
2020-08-26-2255,16.5,19.4,266.0
2020-08-26-2300,17.1,19.2,259.0
2020-08-26-2305,18.3,20.4,259.0
2020-08-26-2310,16.3,18.1,264.0
2020-08-26-2315,17.9,20.4,265.0
2020-08-26-2320,17.5,19.8,262.0
2020-08-26-2325,16.1,18.5,264.0
2020-08-26-2330,16.9,18.7,263.0
2020-08-26-2335,16.9,19.6,273.0
2020-08-26-2340,16.1,17.7,273.0
2020-08-26-2345,15.7,17.3,276.0
2020-08-26-2350,16.5,18.1,272.0
2020-08-26-2355,15.6,16.9,278.0
2020-08-27-0000,15.6,17.3,273.0
2020-08-27-0005,15.0,18.7,277.0
2020-08-27-0010,13.8,15.0,285.0
2020-08-27-0015,15.9,18.3,280.0
2020-08-27-0020,15.0,16.5,281.0
2020-08-27-0025,15.4,17.3,274.0
2020-08-27-0030,16.1,17.5,280.0
2020-08-27-0035,15.4,17.1,276.0
2020-08-27-0040,16.1,17.5,268.0
2020-08-27-0045,13.6,15.2,270.0
2020-08-27-0050,14.2,15.7,269.0
2020-08-27-0055,15.2,16.9,271.0
2020-08-27-0100,14.0,15.9,275.0
2020-08-27-0105,15.4,17.1,263.0
2020-08-27-0110,15.7,17.9,254.0
2020-08-27-0115,18.3,21.0,262.0
2020-08-27-0120,16.7,18.3,267.0
2020-08-27-0125,16.7,19.2,264.0
2020-08-27-0130,16.1,18.7,273.0
2020-08-27-0135,16.3,18.7,267.0
2020-08-27-0140,17.1,19.2,270.0
2020-08-27-0145,16.3,19.0,264.0
2020-08-27-0150,15.7,17.3,262.0
2020-08-27-0155,14.6,15.9,262.0
2020-08-27-0200,14.6,16.1,262.0
2020-08-27-0205,14.6,16.9,266.0
2020-08-27-0210,14.6,15.9,264.0
2020-08-27-0215,13.8,15.0,260.0
2020-08-27-0220,14.0,16.3,268.0
2020-08-27-0225,17.1,19.0,262.0
2020-08-27-0230,17.1,19.6,265.0
2020-08-27-0235,17.1,19.0,263.0
2020-08-27-0240,15.7,16.9,263.0
2020-08-27-0245,15.9,18.1,263.0
2020-08-27-0250,15.6,17.1,260.0
2020-08-27-0255,13.6,15.2,273.0
2020-08-27-0300,13.2,14.8,273.0
2020-08-27-0305,16.3,17.9,273.0
2020-08-27-0310,16.1,17.7,268.0
2020-08-27-0315,15.6,16.9,275.0
2020-08-27-0320,14.8,17.1,271.0
2020-08-27-0325,13.8,15.2,270.0
2020-08-27-0330,15.4,17.7,270.0
2020-08-27-0335,15.6,17.3,265.0
2020-08-27-0340,16.1,18.1,272.0
2020-08-27-0345,15.0,15.9,270.0
2020-08-27-0350,16.3,18.7,276.0
2020-08-27-0355,16.1,18.5,271.0
2020-08-27-0400,16.1,18.3,263.0
2020-08-27-0405,16.3,19.2,273.0
2020-08-27-0410,16.5,17.9,273.0
2020-08-27-0415,15.9,17.3,274.0
2020-08-27-0420,16.7,19.4,267.0
2020-08-27-0425,19.4,22.0,265.0
2020-08-27-0430,15.4,16.9,270.0
2020-08-27-0435,17.3,20.6,272.0
2020-08-27-0440,16.3,18.7,266.0
2020-08-27-0445,17.7,19.4,282.0
2020-08-27-0450,16.3,18.9,270.0
2020-08-27-0455,16.1,17.9,274.0
2020-08-27-0500,15.2,16.9,277.0
2020-08-27-0505,13.2,15.0,273.0
2020-08-27-0510,15.6,17.3,269.0
2020-08-27-0515,15.9,18.5,276.0
2020-08-27-0520,14.4,16.5,267.0
2020-08-27-0525,15.6,19.0,269.0
2020-08-27-0530,16.1,17.7,270.0
2020-08-27-0535,14.2,15.7,280.0
2020-08-27-0540,16.1,18.3,306.0
2020-08-27-0545,19.0,22.4,298.0
2020-08-27-0550,17.1,20.4,301.0
2020-08-27-0555,14.8,16.1,297.0
2020-08-27-0600,13.4,15.2,285.0
2020-08-27-0605,12.8,15.7,281.0
2020-08-27-0610,14.4,18.7,286.0
2020-08-27-0615,14.4,16.3,281.0
2020-08-27-0620,13.8,14.6,279.0
2020-08-27-0625,14.0,16.1,276.0
2020-08-27-0630,14.4,16.5,275.0
2020-08-27-0635,17.3,19.6,273.0
2020-08-27-0640,15.2,17.3,271.0
2020-08-27-0645,14.6,15.7,271.0
2020-08-27-0650,13.2,15.2,276.0
2020-08-27-0655,12.6,14.4,284.0
2020-08-27-0700,15.4,17.9,289.0
2020-08-27-0705,15.0,16.9,284.0
2020-08-27-0710,13.2,15.6,283.0
2020-08-27-0715,15.0,17.3,284.0
2020-08-27-0720,13.2,14.4,282.0
2020-08-27-0725,15.6,17.9,280.0
2020-08-27-0730,15.4,16.9,286.0
2020-08-27-0735,14.2,15.7,286.0
2020-08-27-0740,13.6,15.2,284.0
2020-08-27-0745,16.5,19.4,293.0
2020-08-27-0750,19.6,22.4,322.0
2020-08-27-0755,17.3,20.2,325.0
2020-08-27-0800,16.7,18.9,327.0
2020-08-27-0805,15.2,17.3,324.0
2020-08-27-0810,13.8,15.6,327.0
2020-08-27-0815,17.1,19.2,340.0
2020-08-27-0820,14.4,16.1,347.0
2020-08-27-0825,14.2,16.9,354.0
2020-08-27-0830,11.1,13.0,344.0
2020-08-27-0835,12.1,13.2,351.0
2020-08-27-0840,9.5,10.7,355.0
2020-08-27-0845,10.9,12.1,2.0
2020-08-27-0850,12.1,13.4,5.0
2020-08-27-0855,10.3,12.4,359.0
2020-08-27-0900,9.9,11.3,354.0
2020-08-27-0905,10.5,11.9,13.0
2020-08-27-0910,11.1,12.4,13.0
2020-08-27-0915,10.7,12.2,15.0
2020-08-27-0920,9.9,11.1,18.0
2020-08-27-0925,11.3,13.4,23.0
2020-08-27-0930,11.5,13.8,6.0
2020-08-27-0935,12.6,14.0,9.0
2020-08-27-0940,12.6,14.4,6.0
2020-08-27-0945,12.6,13.8,5.0
2020-08-27-0950,12.1,14.0,355.0
2020-08-27-0955,12.6,14.0,356.0
2020-08-27-1000,10.9,12.2,5.0
2020-08-27-1005,11.1,12.4,6.0
2020-08-27-1010,11.5,12.8,355.0
2020-08-27-1015,11.7,13.4,358.0
2020-08-27-1020,8.9,10.3,345.0
2020-08-27-1030,8.9,10.3,3.0
2020-08-27-1035,9.1,10.9,355.0
2020-08-27-1040,9.7,11.3,1.0
2020-08-27-1050,9.9,11.7,349.0
2020-08-27-1055,11.3,12.6,348.0
2020-08-27-1105,10.7,12.6,341.0
2020-08-27-1115,10.3,12.6,340.0
2020-08-27-1120,11.3,13.8,350.0
2020-08-27-1125,9.3,11.9,344.0
2020-08-27-1130,8.9,10.1,1.0
2020-08-27-1135,9.9,11.1,348.0
2020-08-27-1140,9.3,10.9,340.0
2020-08-27-1145,10.3,11.9,346.0
2020-08-27-1150,9.7,11.3,329.0
2020-08-27-1155,10.3,11.1,332.0
2020-08-27-1200,9.3,11.7,331.0
2020-08-27-1205,7.6,9.1,337.0
2020-08-27-1210,9.1,10.1,334.0
2020-08-27-1215,10.9,12.2,325.0
2020-08-27-1220,9.9,11.7,320.0
2020-08-27-1225,9.5,12.1,331.0
2020-08-27-1230,7.8,8.7,328.0
2020-08-27-1235,9.1,9.9,336.0
2020-08-27-1240,7.6,8.6,344.0
2020-08-27-1245,10.7,15.2,332.0
2020-08-27-1250,9.5,10.9,322.0
2020-08-27-1255,9.3,10.5,326.0
2020-08-27-1305,9.1,11.9,346.0
2020-08-27-1310,10.3,11.7,351.0
2020-08-27-1320,11.3,14.6,343.0
2020-08-27-1325,11.5,14.6,349.0
2020-08-27-1330,11.3,13.2,332.0
2020-08-27-1340,11.9,13.0,341.0
2020-08-27-1350,10.9,13.0,343.0
2020-08-27-1355,10.7,12.1,328.0
2020-08-27-1450,10.5,12.4,337.0
2020-08-27-1455,11.3,14.2,339.0
2020-08-27-1500,10.9,12.6,349.0
2020-08-27-1510,9.9,12.1,331.0
2020-08-27-1515,10.7,11.9,331.0
2020-08-27-1525,7.6,8.9,338.0
2020-08-27-1530,7.6,10.1,312.0
2020-08-27-1535,11.1,13.4,327.0
2020-08-27-1540,8.9,9.9,306.0
2020-08-27-1545,11.7,13.0,317.0
2020-08-27-1550,9.5,11.3,313.0
2020-08-27-1555,10.9,12.4,333.0
2020-08-27-1600,10.1,11.1,322.0
2020-08-27-1605,10.5,12.8,323.0
2020-08-27-1610,9.3,10.5,321.0
2020-08-27-1615,8.4,9.1,325.0
2020-08-27-1620,7.2,8.4,322.0
2020-08-27-1625,8.6,10.7,324.0
2020-08-27-1630,10.3,12.4,324.0
2020-08-27-1635,9.1,11.1,322.0
2020-08-27-1640,8.6,9.9,328.0
2020-08-27-1645,7.8,9.3,321.0
2020-08-27-1650,8.0,11.1,339.0
2020-08-27-1655,8.7,10.1,321.0
2020-08-27-1700,6.8,8.7,330.0
2020-08-27-1705,9.5,10.7,320.0
2020-08-27-1710,9.3,10.5,336.0
2020-08-27-1715,5.4,6.8,323.0
2020-08-27-1720,6.4,7.4,314.0
2020-08-27-1725,9.7,11.1,328.0
2020-08-27-1730,6.8,8.0,337.0
2020-08-27-1735,7.6,9.1,329.0
2020-08-27-1740,9.3,10.3,342.0
2020-08-27-1745,8.0,9.5,343.0
2020-08-27-1750,7.0,7.8,323.0
2020-08-27-1755,7.4,8.6,318.0
2020-08-27-1800,6.8,8.4,336.0
2020-08-27-1805,6.2,7.4,325.0
2020-08-27-1810,6.2,7.2,323.0
2020-08-27-1815,8.4,9.1,325.0
2020-08-27-1820,6.6,8.0,324.0
2020-08-27-1825,6.6,7.8,318.0
2020-08-27-1830,5.1,6.0,289.0
2020-08-27-1835,3.9,5.4,294.0
2020-08-27-1840,8.0,9.1,311.0
2020-08-27-1845,8.4,9.9,317.0
2020-08-27-1850,5.6,7.0,299.0
2020-08-27-1855,5.6,7.6,301.0
2020-08-27-1900,5.4,6.6,322.0
2020-08-27-1905,6.4,7.6,322.0
2020-08-27-1910,7.0,8.4,307.0
2020-08-27-1915,6.0,6.6,304.0
2020-08-27-1920,7.2,8.9,294.0
2020-08-27-1925,7.6,8.6,308.0
2020-08-27-1930,6.4,8.2,295.0
2020-08-27-1935,6.0,7.0,290.0
2020-08-27-1940,5.2,8.4,295.0
2020-08-27-1945,6.0,7.2,294.0
2020-08-27-1950,6.0,7.2,294.0
2020-08-27-1955,6.0,7.2,294.0
2020-08-27-2000,6.0,7.2,294.0
2020-08-27-2005,6.0,7.2,294.0
2020-08-27-2010,6.0,7.2,294.0
2020-08-27-2015,7.2,8.6,297.0
2020-08-27-2020,6.8,8.4,290.0
2020-08-27-2025,7.8,9.1,298.0
2020-08-27-2030,6.4,7.4,299.0
2020-08-27-2035,7.4,9.3,294.0
2020-08-27-2040,6.8,8.7,298.0
2020-08-27-2045,6.8,8.7,298.0
2020-08-27-2050,7.2,8.2,284.0
2020-08-27-2055,6.6,7.4,290.0
2020-08-27-2100,7.8,8.9,285.0
2020-08-27-2105,7.2,8.0,285.0
2020-08-27-2110,6.6,7.6,282.0
2020-08-27-2115,6.4,8.0,292.0
2020-08-27-2120,8.4,9.7,291.0
2020-08-27-2125,6.4,8.2,285.0
2020-08-27-2130,6.8,8.4,304.0
2020-08-27-2135,6.0,6.8,287.0
2020-08-27-2140,6.6,8.2,285.0
2020-08-27-2145,6.4,6.8,297.0
2020-08-27-2150,6.0,6.8,289.0
2020-08-27-2155,6.4,7.4,285.0
2020-08-27-2200,6.8,7.8,297.0
2020-08-27-2205,6.8,8.2,309.0
2020-08-27-2210,6.0,6.8,289.0
2020-08-27-2215,6.6,9.3,298.0
2020-08-27-2220,8.0,9.1,289.0
2020-08-27-2225,6.8,8.7,287.0
2020-08-27-2230,5.2,6.0,289.0
2020-08-27-2235,7.2,8.2,294.0
2020-08-27-2240,8.4,9.1,303.0
2020-08-27-2245,6.8,8.0,291.0
2020-08-27-2250,7.8,8.7,288.0
2020-08-27-2255,5.8,6.4,287.0
2020-08-27-2300,5.8,7.4,287.0
2020-08-27-2305,6.4,7.2,295.0
2020-08-27-2310,6.6,7.8,281.0
2020-08-27-2315,8.2,9.1,279.0
2020-08-27-2320,7.2,8.4,286.0
2020-08-27-2325,6.6,7.0,293.0
2020-08-27-2330,5.2,6.6,282.0
2020-08-27-2335,4.9,5.4,284.0
2020-08-27-2340,5.1,5.8,268.0
2020-08-27-2345,6.8,7.8,267.0
2020-08-27-2350,5.8,6.2,272.0
2020-08-27-2355,6.6,8.4,254.0
2020-08-28-0000,7.2,7.8,269.0
2020-08-28-0005,5.8,7.0,278.0
2020-08-28-0010,5.4,7.0,265.0
2020-08-28-0015,4.7,7.2,267.0
2020-08-28-0020,6.2,6.8,250.0
2020-08-28-0025,6.8,8.0,248.0
2020-08-28-0030,4.3,5.2,256.0
2020-08-28-0035,4.7,5.6,256.0
2020-08-28-0040,4.1,5.1,226.0
2020-08-28-0045,8.2,9.5,264.0
2020-08-28-0050,6.8,9.5,300.0
2020-08-28-0055,8.2,9.3,287.0
2020-08-28-0100,8.0,8.7,277.0
2020-08-28-0105,8.6,9.7,287.0
2020-08-28-0115,6.0,7.4,261.0
2020-08-28-0130,8.2,9.9,265.0
2020-08-28-0155,8.0,10.1,271.0
2020-08-28-0210,4.3,5.1,275.0
2020-08-28-0215,6.0,7.2,275.0
2020-08-28-0220,6.4,7.0,261.0
2020-08-28-0230,8.2,9.9,262.0
2020-08-28-0235,8.0,8.7,259.0
2020-08-28-0240,8.4,9.7,253.0
2020-08-28-0245,8.0,9.3,251.0
2020-08-28-0250,8.9,10.1,264.0
2020-08-28-0305,6.6,7.8,258.0
2020-08-28-0325,6.6,7.2,247.0
2020-08-28-0335,6.8,8.0,235.0
2020-08-28-0340,6.4,7.6,235.0
2020-08-28-0350,8.4,9.9,258.0
2020-08-28-0415,9.3,10.1,266.0
2020-08-28-0420,7.2,8.6,281.0
2020-08-28-0425,7.6,9.3,285.0
2020-08-28-0430,6.6,7.2,283.0
2020-08-28-0435,7.0,8.9,275.0
2020-08-28-0440,6.6,7.4,262.0
2020-08-28-0445,7.2,8.2,261.0
2020-08-28-0450,7.0,8.2,258.0
2020-08-28-0455,7.0,8.2,263.0
2020-08-28-0500,7.2,8.4,256.0
2020-08-28-0505,7.0,8.4,265.0
2020-08-28-0510,6.4,7.6,257.0
2020-08-28-0515,6.4,7.2,254.0
2020-08-28-0520,7.4,8.4,246.0
2020-08-28-0525,8.4,9.1,242.0
2020-08-28-0530,7.2,8.4,254.0
2020-08-28-0535,6.2,7.6,242.0
2020-08-28-0540,5.8,6.8,232.0
2020-08-28-0545,5.8,6.8,237.0
2020-08-28-0550,8.4,9.9,252.0
2020-08-28-0555,9.9,11.5,256.0
2020-08-28-0600,9.9,11.9,247.0
2020-08-28-0605,9.5,10.9,253.0
2020-08-28-0610,8.9,10.1,249.0
2020-08-28-0615,9.1,10.7,253.0
2020-08-28-0620,9.1,10.7,263.0
2020-08-28-0625,9.1,10.7,262.0
2020-08-28-0630,8.9,9.9,260.0
2020-08-28-0635,7.8,8.4,254.0
2020-08-28-0640,8.7,10.7,274.0
2020-08-28-0645,8.2,9.1,264.0
2020-08-28-0650,8.0,9.3,256.0
2020-08-28-0655,8.2,8.9,257.0
2020-08-28-0700,7.8,8.6,248.0
2020-08-28-0705,8.0,8.9,257.0
2020-08-28-0710,8.7,10.5,254.0
2020-08-28-0715,6.8,8.4,262.0
2020-08-28-0720,7.4,8.4,249.0
2020-08-28-0725,9.1,11.1,248.0
2020-08-28-0730,10.9,12.1,247.0
2020-08-28-0735,9.3,10.5,246.0
2020-08-28-0740,9.9,11.3,255.0
2020-08-28-0745,9.3,10.5,242.0
2020-08-28-0750,7.4,8.0,246.0
2020-08-28-0755,8.7,10.1,238.0
2020-08-28-0800,8.2,8.9,248.0
2020-08-28-0805,6.8,7.8,233.0
2020-08-28-0810,6.6,7.4,235.0
2020-08-28-0815,7.6,8.4,240.0
2020-08-28-0820,10.3,11.5,241.0
2020-08-28-0825,9.9,11.3,243.0
2020-08-28-0830,9.9,11.1,234.0
2020-08-28-0835,9.3,11.1,235.0
2020-08-28-0840,9.1,10.5,241.0
2020-08-28-0845,9.9,11.5,237.0
2020-08-28-0850,9.7,11.3,234.0
2020-08-28-0855,11.3,12.1,229.0
2020-08-28-0900,10.5,11.5,234.0
2020-08-28-0905,10.9,12.6,243.0
2020-08-28-0910,9.3,11.1,258.0
2020-08-28-0915,9.7,11.3,243.0
2020-08-28-0920,10.7,12.2,256.0
2020-08-28-0925,9.5,11.5,245.0
2020-08-28-0930,9.1,10.5,237.0
2020-08-28-0935,9.5,10.7,249.0
2020-08-28-0940,8.6,10.1,251.0
2020-08-28-0945,10.1,12.4,247.0
2020-08-28-0950,9.7,11.1,251.0
2020-08-28-0955,10.5,12.2,240.0
2020-08-28-1000,8.9,11.3,248.0
2020-08-28-1005,8.6,11.1,243.0
2020-08-28-1010,9.3,12.1,247.0
2020-08-28-1015,8.7,9.5,261.0
2020-08-28-1020,11.1,12.6,236.0
2020-08-28-1025,12.1,13.0,237.0
2020-08-28-1030,11.5,12.4,241.0
2020-08-28-1035,10.3,11.9,247.0
2020-08-28-1040,11.1,12.4,244.0
2020-08-28-1045,13.0,14.4,233.0
2020-08-28-1050,10.3,11.9,236.0
2020-08-28-1055,11.7,15.9,232.0
2020-08-28-1100,13.0,14.8,247.0
2020-08-28-1105,12.1,14.2,247.0
2020-08-28-1110,11.9,14.4,260.0
2020-08-28-1115,10.3,13.4,253.0
2020-08-28-1120,10.7,11.9,257.0
2020-08-28-1125,10.9,12.2,247.0
2020-08-28-1130,12.4,13.8,248.0
2020-08-28-1135,12.6,15.4,255.0
2020-08-28-1140,9.7,10.5,258.0
2020-08-28-1150,11.9,14.0,256.0
2020-08-28-1200,14.4,15.6,269.0
2020-08-28-1210,11.3,12.4,261.0
2020-08-28-1215,11.9,14.4,267.0
2020-08-28-1220,11.3,13.4,267.0
2020-08-28-1240,9.9,11.3,247.0
2020-08-28-1255,11.5,13.0,260.0
2020-08-28-1305,10.5,11.9,260.0
2020-08-28-1310,10.9,13.0,269.0
2020-08-28-1315,10.7,12.2,263.0
2020-08-28-1325,11.7,14.4,273.0
2020-08-28-1350,10.9,13.0,283.0
2020-08-28-1355,11.5,12.4,281.0
2020-08-28-1400,11.7,15.4,276.0
2020-08-28-1410,14.0,16.1,280.0
2020-08-28-1415,11.7,14.6,277.0
2020-08-28-1420,10.9,12.6,281.0
2020-08-28-1430,10.3,11.9,271.0
2020-08-28-1435,8.7,11.7,273.0
2020-08-28-1445,10.3,12.2,260.0
2020-08-28-1455,10.7,12.6,264.0
2020-08-28-1500,10.7,12.1,263.0
2020-08-28-1505,10.5,12.2,253.0
2020-08-28-1510,11.7,12.6,248.0
2020-08-28-1515,9.9,11.5,256.0
2020-08-28-1520,11.9,13.2,259.0
2020-08-28-1525,10.9,12.4,256.0
2020-08-28-1530,8.6,11.7,260.0
2020-08-28-1535,10.9,13.2,260.0
2020-08-28-1540,11.5,13.0,261.0
2020-08-28-1545,9.1,10.7,256.0
2020-08-28-1550,11.3,12.6,254.0
2020-08-28-1555,9.9,11.3,249.0
2020-08-28-1600,11.5,12.8,261.0
2020-08-28-1605,10.3,11.3,260.0
2020-08-28-1610,10.7,13.8,250.0
2020-08-28-1615,8.7,13.6,256.0
2020-08-28-1620,8.7,10.3,261.0
2020-08-28-1625,10.7,11.9,242.0
2020-08-28-1630,9.9,11.5,257.0
2020-08-28-1635,8.4,9.5,247.0
2020-08-28-1640,10.9,12.2,236.0
2020-08-28-1645,12.2,13.2,253.0
2020-08-28-1650,10.5,14.4,247.0
2020-08-28-1655,11.3,13.0,260.0
2020-08-28-1700,11.7,13.0,250.0
2020-08-28-1705,10.7,12.8,257.0
2020-08-28-1710,10.3,13.6,251.0
2020-08-28-1715,11.5,12.8,265.0
2020-08-28-1720,10.7,13.4,252.0
2020-08-28-1725,10.5,11.7,234.0
2020-08-28-1730,11.1,12.2,245.0
2020-08-28-1735,10.5,11.9,242.0
2020-08-28-1740,11.7,13.2,240.0
2020-08-28-1745,10.3,11.7,243.0
2020-08-28-1750,11.1,13.0,248.0
2020-08-28-1755,11.3,13.2,259.0
2020-08-28-1800,10.9,12.1,255.0
2020-08-28-1805,10.9,12.6,245.0
2020-08-28-1810,11.7,12.6,250.0
2020-08-28-1815,10.1,11.1,250.0
2020-08-28-1820,12.1,13.2,248.0
2020-08-28-1825,11.5,12.6,258.0
2020-08-28-1830,10.9,11.9,251.0
2020-08-28-1835,9.9,11.1,241.0
2020-08-28-1840,11.9,13.2,256.0
2020-08-28-1845,12.1,13.4,254.0
2020-08-28-1850,12.4,13.6,253.0
2020-08-28-1855,11.7,13.0,251.0
2020-08-28-1900,10.3,11.9,236.0
2020-08-28-1905,11.5,13.0,249.0
2020-08-28-1910,12.4,14.0,241.0
2020-08-28-1915,10.7,12.6,254.0
2020-08-28-1920,10.5,12.1,237.0
2020-08-28-1925,11.3,13.0,252.0
2020-08-28-1930,9.9,10.9,248.0
2020-08-28-1935,12.2,14.4,253.0
2020-08-28-1940,12.2,13.8,254.0
2020-08-28-1945,12.2,14.4,248.0
2020-08-28-1950,12.2,14.4,248.0
2020-08-28-1955,12.2,14.4,248.0
2020-08-28-2000,12.2,14.4,248.0
2020-08-28-2005,12.2,14.4,248.0
2020-08-28-2010,12.2,14.4,248.0
2020-08-28-2015,12.2,14.4,248.0
2020-08-28-2020,12.2,14.4,248.0
2020-08-28-2025,11.7,12.6,261.0
2020-08-28-2030,9.7,10.7,261.0
2020-08-28-2035,10.7,12.1,258.0
2020-08-28-2040,10.7,11.9,258.0
2020-08-28-2045,11.7,13.2,260.0
2020-08-28-2050,10.3,11.9,259.0
2020-08-28-2055,10.5,11.7,265.0
2020-08-28-2100,10.5,11.7,265.0
2020-08-28-2105,9.7,11.7,263.0
2020-08-28-2110,10.1,11.1,269.0
2020-08-28-2115,10.3,11.7,276.0
2020-08-28-2120,8.6,9.9,266.0
2020-08-28-2125,9.5,10.5,271.0
2020-08-28-2130,9.3,10.7,272.0
2020-08-28-2135,8.4,11.7,260.0
2020-08-28-2140,8.6,10.5,267.0
2020-08-28-2145,8.7,9.7,267.0
2020-08-28-2150,8.2,9.1,258.0
2020-08-28-2155,8.4,9.3,257.0
2020-08-28-2200,7.2,8.7,262.0
2020-08-28-2205,7.8,9.7,264.0
2020-08-28-2210,8.6,9.7,266.0
2020-08-28-2215,8.6,9.7,267.0
2020-08-28-2220,8.9,10.7,263.0
2020-08-28-2225,8.6,9.5,265.0
2020-08-28-2230,8.6,10.5,264.0
2020-08-28-2235,8.6,10.5,262.0
2020-08-28-2240,8.0,8.9,265.0
2020-08-28-2245,9.7,11.7,268.0
2020-08-28-2250,8.4,10.1,261.0
2020-08-28-2255,8.6,9.3,264.0
2020-08-28-2300,10.3,11.3,261.0
2020-08-28-2305,8.4,9.5,268.0
2020-08-28-2310,7.2,8.4,287.0
2020-08-28-2315,7.2,8.2,269.0
2020-08-28-2320,7.2,8.2,262.0
2020-08-28-2325,7.2,8.4,268.0
2020-08-28-2330,6.8,7.8,276.0
2020-08-28-2335,7.0,8.0,270.0
2020-08-28-2340,6.4,7.0,262.0
2020-08-28-2345,7.6,8.4,259.0
2020-08-28-2350,6.6,7.6,275.0
2020-08-28-2355,6.4,7.0,277.0
2020-08-29-0000,6.2,7.0,273.0
2020-08-29-0005,6.0,7.4,265.0
2020-08-29-0010,6.0,6.8,255.0
2020-08-29-0015,6.8,7.8,271.0
2020-08-29-0020,6.2,7.6,253.0
2020-08-29-0025,6.8,7.6,251.0
2020-08-29-0030,6.0,7.8,257.0
2020-08-29-0035,6.2,7.2,259.0
2020-08-29-0040,6.4,7.4,257.0
2020-08-29-0045,6.2,7.0,245.0
2020-08-29-0050,6.0,6.6,246.0
2020-08-29-0055,5.4,6.8,251.0
2020-08-29-0100,5.8,6.8,253.0
2020-08-29-0105,5.2,6.2,248.0
2020-08-29-0110,6.6,7.4,253.0
2020-08-29-0115,7.0,7.8,236.0
2020-08-29-0120,7.0,7.8,245.0
2020-08-29-0125,7.0,7.8,239.0
2020-08-29-0130,6.6,7.6,237.0
2020-08-29-0135,7.4,8.2,227.0
2020-08-29-0140,6.6,7.8,236.0
2020-08-29-0145,6.8,7.4,229.0
2020-08-29-0150,6.0,7.4,229.0
2020-08-29-0155,6.6,7.2,233.0
2020-08-29-0200,6.2,6.8,222.0
2020-08-29-0205,5.8,6.8,224.0
2020-08-29-0210,6.8,7.8,235.0
2020-08-29-0215,7.4,8.4,245.0
2020-08-29-0220,7.4,8.2,231.0
2020-08-29-0225,6.8,7.4,237.0
2020-08-29-0230,7.2,7.8,238.0
2020-08-29-0235,7.0,8.4,229.0
2020-08-29-0240,7.6,8.6,239.0
2020-08-29-0245,7.6,8.6,237.0
2020-08-29-0250,8.0,8.9,241.0
2020-08-29-0255,8.0,8.9,236.0
2020-08-29-0300,8.6,9.5,240.0
2020-08-29-0305,7.4,8.2,243.0
2020-08-29-0310,8.6,9.5,239.0
2020-08-29-0315,7.4,8.4,251.0
2020-08-29-0320,8.2,9.5,251.0
2020-08-29-0325,7.0,8.0,254.0
2020-08-29-0330,7.6,9.3,245.0
2020-08-29-0335,8.6,9.5,247.0
2020-08-29-0340,8.0,8.9,251.0
2020-08-29-0345,8.0,8.6,250.0
2020-08-29-0350,7.4,8.2,258.0
2020-08-29-0355,7.2,7.8,250.0
2020-08-29-0400,5.2,6.2,241.0
2020-08-29-0405,6.8,8.0,244.0
2020-08-29-0410,8.0,9.3,242.0
2020-08-29-0415,7.4,8.4,245.0
2020-08-29-0420,8.6,9.7,254.0
2020-08-29-0425,7.4,8.0,252.0
2020-08-29-0430,7.2,8.2,243.0
2020-08-29-0435,6.6,8.2,237.0
2020-08-29-0440,6.0,6.8,234.0
2020-08-29-0445,6.4,7.0,246.0
2020-08-29-0450,7.2,7.8,235.0
2020-08-29-0455,8.2,8.9,244.0
2020-08-29-0500,7.2,8.2,238.0
2020-08-29-0505,7.6,8.6,243.0
2020-08-29-0510,8.6,9.7,244.0
2020-08-29-0515,7.8,8.9,240.0
2020-08-29-0520,7.4,8.6,236.0
2020-08-29-0525,8.2,9.1,247.0
2020-08-29-0530,7.0,8.2,236.0
2020-08-29-0535,7.2,8.2,229.0
2020-08-29-0540,7.0,8.2,228.0
2020-08-29-0545,7.2,8.4,227.0
2020-08-29-0550,8.2,9.5,231.0
2020-08-29-0555,7.8,9.1,233.0
2020-08-29-0600,7.8,8.4,228.0
2020-08-29-0605,6.0,6.8,235.0
2020-08-29-0610,6.6,7.4,229.0
2020-08-29-0615,6.6,7.4,226.0
2020-08-29-0620,6.6,7.6,226.0
2020-08-29-0625,6.2,8.0,220.0
2020-08-29-0630,7.4,8.4,220.0
2020-08-29-0635,6.6,7.4,221.0
2020-08-29-0640,6.8,7.8,220.0
2020-08-29-0645,6.6,8.2,215.0
2020-08-29-0650,8.6,9.7,219.0
2020-08-29-0655,7.6,8.6,233.0
2020-08-29-0700,8.2,9.5,238.0
2020-08-29-0705,7.4,8.2,235.0
2020-08-29-0710,8.0,8.9,233.0
2020-08-29-0715,8.2,10.3,230.0
2020-08-29-0720,8.9,9.7,231.0
2020-08-29-0725,8.2,9.7,235.0
2020-08-29-0730,8.6,9.1,226.0
2020-08-29-0735,8.9,9.7,229.0
2020-08-29-0740,8.4,9.3,228.0
2020-08-29-0745,8.2,9.5,225.0
2020-08-29-0750,8.4,10.1,222.0
2020-08-29-0755,8.4,9.3,214.0
2020-08-29-0800,8.6,9.3,215.0
2020-08-29-0805,8.7,10.5,210.0
2020-08-29-0810,8.2,9.3,209.0
2020-08-29-0815,9.3,10.3,205.0
2020-08-29-0820,8.6,9.3,214.0
2020-08-29-0825,8.6,10.1,211.0
2020-08-29-0830,9.3,10.5,213.0
2020-08-29-0835,7.8,8.7,216.0
2020-08-29-0840,8.9,10.1,214.0
2020-08-29-0845,8.4,9.7,214.0
2020-08-29-0850,9.5,10.3,213.0
2020-08-29-0855,9.1,10.7,210.0
2020-08-29-0900,8.7,9.5,214.0
2020-08-29-0905,8.7,9.7,209.0
2020-08-29-0910,8.7,10.3,208.0
2020-08-29-0915,9.9,11.1,215.0
2020-08-29-0920,8.9,10.3,201.0
2020-08-29-0925,8.7,10.7,216.0
2020-08-29-0930,8.7,9.9,212.0
2020-08-29-0935,9.1,10.1,206.0
2020-08-29-0940,9.3,10.9,221.0
2020-08-29-0945,10.1,11.5,217.0
2020-08-29-0950,10.9,12.4,217.0
2020-08-29-0955,8.4,9.9,221.0
2020-08-29-1000,9.3,11.7,207.0
2020-08-29-1010,9.5,10.9,210.0
2020-08-29-1015,9.7,11.1,203.0
2020-08-29-1030,9.7,11.3,198.0
2020-08-29-1040,8.9,10.5,186.0
2020-08-29-1045,9.5,10.7,202.0
2020-08-29-1050,9.3,10.5,198.0
2020-08-29-1055,9.1,10.9,195.0
2020-08-29-1100,8.9,10.9,197.0
2020-08-29-1105,8.4,9.9,187.0
2020-08-29-1110,9.7,10.7,193.0
2020-08-29-1115,9.7,11.9,198.0
2020-08-29-1135,9.9,11.7,201.0
2020-08-29-1145,10.5,12.8,208.0
2020-08-29-1155,10.9,12.6,197.0
2020-08-29-1200,9.3,12.2,202.0
2020-08-29-1205,11.5,13.6,201.0
2020-08-29-1210,11.3,12.6,188.0
2020-08-29-1215,11.3,12.6,196.0
2020-08-29-1220,9.9,11.5,192.0
2020-08-29-1225,10.9,12.2,200.0
2020-08-29-1230,11.5,13.0,191.0
2020-08-29-1240,11.3,13.2,191.0
2020-08-29-1245,11.3,12.2,187.0
2020-08-29-1250,10.7,12.1,192.0
2020-08-29-1255,10.5,12.4,200.0
2020-08-29-1300,10.7,12.1,190.0
2020-08-29-1305,10.9,12.2,200.0
2020-08-29-1310,11.5,13.4,191.0
2020-08-29-1320,10.7,11.9,201.0
2020-08-29-1325,11.7,13.6,197.0
2020-08-29-1345,10.7,13.8,189.0
2020-08-29-1350,10.7,12.1,186.0
2020-08-29-1355,11.9,14.2,201.0
2020-08-29-1425,11.3,13.0,198.0
2020-08-29-1435,11.5,13.8,195.0
2020-08-29-1525,11.7,12.4,202.0
2020-08-29-1535,11.9,13.6,208.0
2020-08-29-1605,11.9,13.6,205.0
2020-08-29-1610,11.7,13.8,205.0
2020-08-29-1630,14.4,16.7,201.0
2020-08-29-1640,11.9,13.4,206.0
2020-08-29-1700,11.9,13.4,202.0
2020-08-29-1705,10.7,12.2,205.0
2020-08-29-1715,11.3,13.8,205.0
2020-08-29-1720,10.7,11.9,206.0
2020-08-29-1725,10.9,12.4,219.0
2020-08-29-1730,11.9,13.4,219.0
2020-08-29-1735,9.9,11.3,217.0
2020-08-29-1750,11.7,13.6,190.0
2020-08-29-1815,9.9,11.9,222.0
2020-08-29-1820,10.7,12.4,213.0
2020-08-29-1840,11.7,13.6,223.0
2020-08-29-1845,11.7,13.0,214.0
2020-08-29-1850,9.9,10.9,222.0
2020-08-29-1855,11.3,12.2,220.0
2020-08-29-1900,11.1,12.8,226.0
2020-08-29-1905,11.7,13.0,213.0
2020-08-29-1910,10.9,12.2,223.0
2020-08-29-1915,10.3,11.1,221.0
2020-08-29-1920,10.9,12.2,219.0
2020-08-29-1925,10.7,11.9,201.0
2020-08-29-1930,10.3,11.7,208.0
2020-08-29-1935,10.5,12.4,202.0
2020-08-29-1940,10.7,12.1,195.0
2020-08-29-1945,10.7,12.1,203.0
2020-08-29-1950,10.7,12.1,203.0
2020-08-29-1955,10.7,12.1,203.0
2020-08-29-2000,10.7,12.1,203.0
2020-08-29-2005,10.7,12.1,203.0
2020-08-29-2010,10.7,12.1,203.0
2020-08-29-2015,10.7,12.1,203.0
2020-08-29-2020,10.7,12.1,203.0
2020-08-29-2025,10.7,12.1,203.0
2020-08-29-2030,9.5,10.3,219.0
2020-08-29-2035,8.7,10.1,224.0
2020-08-29-2040,8.7,9.9,221.0
2020-08-29-2045,9.1,10.5,214.0
2020-08-29-2050,9.5,10.7,207.0
2020-08-29-2055,9.9,11.3,215.0
2020-08-29-2100,9.9,11.3,215.0
2020-08-29-2105,9.9,11.3,215.0
2020-08-29-2110,9.9,11.3,215.0
2020-08-29-2115,9.9,11.3,215.0
2020-08-29-2120,9.9,11.3,215.0
2020-08-29-2125,9.9,11.3,215.0
2020-08-29-2130,11.1,12.2,202.0
2020-08-29-2135,10.9,11.7,215.0
2020-08-29-2140,9.9,10.7,213.0
2020-08-29-2145,10.7,11.9,212.0
2020-08-29-2150,9.7,10.9,223.0
2020-08-29-2155,9.9,11.3,212.0
2020-08-29-2200,9.7,10.7,210.0
2020-08-29-2205,8.7,10.3,229.0
2020-08-29-2210,9.1,11.1,233.0
2020-08-29-2215,11.9,13.6,217.0
2020-08-29-2220,8.2,8.9,215.0
2020-08-29-2225,8.9,10.7,231.0
2020-08-29-2230,8.7,10.1,226.0
2020-08-29-2240,8.9,9.5,231.0
2020-08-29-2245,9.1,9.7,226.0
2020-08-29-2250,8.7,9.9,227.0
2020-08-29-2255,8.2,9.1,225.0
2020-08-29-2300,8.2,9.1,225.0
2020-08-29-2305,8.2,9.1,225.0
2020-08-29-2310,8.2,9.1,225.0
2020-08-29-2315,8.2,9.1,225.0
2020-08-29-2320,9.7,11.1,230.0
2020-08-29-2325,8.9,10.3,228.0
2020-08-29-2330,8.9,10.1,223.0
2020-08-29-2335,9.1,10.1,226.0
2020-08-29-2340,8.4,8.9,219.0
2020-08-29-2345,8.4,9.3,214.0
2020-08-29-2350,8.2,8.7,223.0
2020-08-29-2355,7.6,8.4,227.0
2020-08-30-0000,6.8,8.0,223.0
2020-08-30-0005,7.4,8.4,222.0
2020-08-30-0010,8.2,9.5,218.0
2020-08-30-0015,9.1,9.7,222.0
2020-08-30-0020,8.9,10.1,225.0
2020-08-30-0025,8.2,9.1,214.0
2020-08-30-0030,7.4,8.7,216.0
2020-08-30-0035,8.0,9.1,200.0
2020-08-30-0040,6.8,7.2,201.0
2020-08-30-0045,7.4,8.4,217.0
2020-08-30-0050,7.4,8.4,217.0
2020-08-30-0055,8.6,9.9,214.0
2020-08-30-0100,8.6,9.9,214.0
2020-08-30-0105,8.6,9.9,214.0
2020-08-30-0110,8.6,9.9,214.0
2020-08-30-0115,8.6,9.9,214.0
2020-08-30-0120,8.6,9.9,214.0
2020-08-30-0125,8.6,9.9,214.0
2020-08-30-0130,8.6,9.9,214.0
2020-08-30-0135,8.6,9.9,214.0
2020-08-30-0140,8.6,9.9,214.0
2020-08-30-0145,8.6,9.9,214.0
2020-08-30-0150,8.6,9.9,214.0
2020-08-30-0155,8.6,9.9,214.0
2020-08-30-0200,8.6,9.9,214.0
2020-08-30-0205,8.6,9.9,214.0
2020-08-30-0210,8.6,9.9,214.0
2020-08-30-0215,8.6,9.9,214.0
2020-08-30-0220,8.6,9.9,214.0
2020-08-30-0225,8.6,9.9,214.0
2020-08-30-0230,8.6,9.9,214.0
2020-08-30-0235,8.6,9.9,214.0
2020-08-30-0240,8.6,9.9,214.0
2020-08-30-0245,8.6,9.9,214.0
2020-08-30-0250,8.6,9.9,214.0
2020-08-30-0255,8.6,9.9,214.0
2020-08-30-0300,8.6,9.9,214.0
2020-08-30-0305,8.6,9.9,214.0
2020-08-30-0310,8.6,9.9,214.0
2020-08-30-0315,8.6,9.9,214.0
2020-08-30-0320,8.6,9.9,214.0
2020-08-30-0325,8.6,9.9,214.0
2020-08-30-0330,8.6,9.9,214.0
2020-08-30-0335,8.6,9.9,214.0
2020-08-30-0340,8.6,9.9,214.0
2020-08-30-0345,8.6,9.9,214.0
2020-08-30-0350,8.6,9.9,214.0
2020-08-30-0355,8.6,9.9,214.0
2020-08-30-0400,8.6,9.9,214.0
2020-08-30-0405,8.6,9.9,214.0
2020-08-30-0410,8.6,9.9,214.0
2020-08-30-0415,8.6,9.9,214.0
2020-08-30-0420,8.6,9.9,214.0
2020-08-30-0425,8.6,9.9,214.0
2020-08-30-0430,8.6,9.9,214.0
2020-08-30-0435,8.6,9.9,214.0
2020-08-30-0440,8.6,9.9,214.0
2020-08-30-0445,8.6,9.9,214.0
2020-08-30-0450,8.6,9.9,214.0
2020-08-30-0455,8.6,9.9,214.0
2020-08-30-0500,8.6,9.9,214.0
2020-08-30-0505,8.6,9.9,214.0
2020-08-30-0510,8.6,9.9,214.0
2020-08-30-0515,8.6,9.9,214.0
2020-08-30-0520,8.6,9.9,214.0
2020-08-30-0525,8.6,9.9,214.0
2020-08-30-0530,8.6,9.9,214.0
2020-08-30-0535,8.6,9.9,214.0
2020-08-30-0540,8.6,9.9,214.0
2020-08-30-0545,8.6,9.9,214.0
2020-08-30-0550,8.6,9.9,214.0
2020-08-30-0555,8.6,9.9,214.0
2020-08-30-0600,8.6,9.9,214.0
2020-08-30-0605,8.6,9.9,214.0
2020-08-30-0610,8.6,9.9,214.0
2020-08-30-0615,8.6,9.9,214.0
2020-08-30-0620,8.6,9.9,214.0
2020-08-30-0625,8.6,9.9,214.0
2020-08-30-0630,8.6,9.9,214.0
2020-08-30-0635,8.6,9.9,214.0
2020-08-30-0640,8.6,9.9,214.0
2020-08-30-0645,8.6,9.9,214.0
2020-08-30-0650,8.6,9.9,214.0
2020-08-30-0655,8.6,9.9,214.0
2020-08-30-0700,8.6,9.9,214.0
2020-08-30-0705,8.6,9.9,214.0
2020-08-30-0710,8.6,9.9,214.0
2020-08-30-0715,8.6,9.9,214.0
2020-08-30-0720,8.6,9.9,214.0
2020-08-30-0725,8.6,9.9,214.0
2020-08-30-0730,8.6,9.9,214.0
2020-08-30-0735,8.6,9.9,214.0
2020-08-30-0740,8.6,9.9,214.0
2020-08-30-0745,8.6,9.9,214.0
2020-08-30-0750,8.6,9.9,214.0
2020-08-30-0755,8.6,9.9,214.0
2020-08-30-0800,8.6,9.9,214.0
2020-08-30-0805,8.6,9.9,214.0
2020-08-30-0810,8.6,9.9,214.0
2020-08-30-0815,8.6,9.9,214.0
2020-08-30-0820,8.6,9.9,214.0
2020-08-30-0825,8.6,9.9,214.0
2020-08-30-0830,9.9,10.9,207.0
2020-08-30-0835,9.9,10.9,207.0
2020-08-30-0840,17.1,18.9,214.0
2020-08-30-0845,17.1,18.9,214.0
2020-08-30-0850,16.7,18.7,217.0
2020-08-30-0855,17.7,19.4,213.0
2020-08-30-0900,17.7,19.4,213.0
2020-08-30-0905,17.7,19.4,213.0
2020-08-30-0910,16.9,20.2,220.0
2020-08-30-0915,17.7,19.8,215.0
2020-08-30-0920,16.7,18.7,216.0
2020-08-30-0925,18.1,20.6,211.0
2020-08-30-0930,17.5,21.6,215.0
2020-08-30-0935,18.9,20.8,216.0
2020-08-30-0940,18.3,20.0,215.0
2020-08-30-0945,17.1,19.4,219.0
2020-08-30-0950,17.3,19.6,221.0
2020-08-30-0955,19.2,21.8,218.0
2020-08-30-1000,19.0,24.5,221.0
2020-08-30-1005,18.3,20.0,220.0
2020-08-30-1010,19.2,21.6,216.0
2020-08-30-1015,17.7,19.4,221.0
2020-08-30-1020,17.3,20.2,217.0
2020-08-30-1025,18.9,21.8,214.0
2020-08-30-1030,19.6,22.0,215.0
2020-08-30-1035,19.0,21.0,206.0
2020-08-30-1040,18.7,21.2,210.0
2020-08-30-1045,19.2,21.8,213.0
2020-08-30-1050,19.8,21.8,216.0
2020-08-30-1055,19.6,23.7,211.0
2020-08-30-1100,19.4,21.6,206.0
2020-08-30-1105,17.9,20.6,213.0
2020-08-30-1110,19.4,22.4,207.0
2020-08-30-1115,19.4,21.8,205.0
2020-08-30-1120,19.2,21.8,205.0
2020-08-30-1125,19.4,20.8,214.0
2020-08-30-1130,19.2,22.2,205.0
2020-08-30-1135,21.2,23.5,214.0
2020-08-30-1140,18.3,21.6,217.0
2020-08-30-1145,19.8,22.7,215.0
2020-08-30-1150,20.0,23.1,214.0
2020-08-30-1155,20.4,24.1,209.0
2020-08-30-1200,21.0,24.3,216.0
2020-08-30-1205,22.4,24.7,214.0
2020-08-30-1210,19.2,23.3,213.0
2020-08-30-1215,21.6,24.3,214.0
2020-08-30-1220,29.0,33.4,224.0
2020-08-30-1225,28.6,31.7,230.0
2020-08-30-1230,25.3,28.0,219.0
2020-08-30-1235,14.0,17.1,216.0
2020-08-30-1240,7.2,8.2,232.0
2020-08-30-1825,16.7,18.5,221.0
2020-08-30-1830,16.7,18.9,215.0
2020-10-05-1619,11.9,13.2,219.0
2020-10-05-1623,12.4,14.4,233.0
2020-10-07-1255,8.4,9.3,302.0
2020-10-07-1331,6.8,9.1,308.0
2020-10-07-1338,7.4,8.9,322.0
2020-10-07-1339,7.4,8.9,322.0
2020-10-07-1340,7.4,8.9,322.0
2020-10-07-1626,6.0,7.4,306.0
2020-10-07-1631,4.5,5.4,278.0
2020-10-07-1632,4.5,5.4,278.0
