2020-06-02-2001,"9.5
","5.2
",7.2,337.0,359.0, 1.0
2020-06-02-2016,"9.7
","5.2
",7.2,357.0,359.0, 1.0
2020-06-02-2019,"9.7
","5.2
",7.2,570MA,N10,
2020-06-02-2024,15MA,70,,480MA,N10,
2020-06-02-2025,15MA,70,,480MA,N10,
2020-06-02-2036,,,,380MA,N10,
2020-06-02-2037,,,,380MA,N10,
2020-06-02-2037,,,,380MA,N10,
2020-06-03-1239,,,,790MA,N1670,
2020-06-03-1242,,,,790MA,N1670,
2020-06-03-1242,,,,790MA,N1670,
2020-06-03-1245,,,,1790,480M,670
2020-06-03-1253,,,,040MA,N1670,
2020-06-03-1255,,,,040MA,N1670,
2020-06-03-1258,,,,040MA,N1670,
2020-06-03-1300,"7.6
","2.6
",2.5,040MA,N1670,
2020-06-03-1302,"8.4
","2.6
",2.5
2020-06-03-1306,"8.4
","2.6
",2.5
2020-06-03-1308,"8.4
","2.6
",2.5
2020-06-03-1308,8.4,"2.6
",2.5
2020-06-03-1323,10.,2.6, 2.7
2020-06-03-1329,10.,2.6, 2.7
2020-06-03-1331,10.,2.6, 2.7
2020-06-03-1332,10.9,12.6, 2.7
2020-06-03-1338,10.5,12.6, 2.7
2020-06-03-1339,10.5,12.6, 2.7
2020-06-03-1340,10.5,12.6, 2.7
2020-06-03-1341,10.5,12.6, 2.7
2020-06-03-1341,10.5,12.6, 2.7,188.0,239.0,167.0
2020-06-03-1342,"8.9
","2.6
",3.1,204.0,228.0,167.0
2020-06-03-1344,"8.9
","2.6
",3.1,204.0,228.0,167.0
2020-06-03-1347,8.9M,.6MI,1,204.0,228.0,167.0
2020-06-03-1348,8.9M,.6MI,1,204.0,28.0M,7.0
2020-06-03-1349,8.9M,.6MI,1,204.0,28.0M,7.0
2020-06-03-1351,8.9M,.6MI,1,204.0,28.0M,7.0
2020-06-03-1353, 12., 12.,N 3.,178.0,25.0M,7.0
2020-06-03-1355,12.1,12.6,3.1,178.0,25.0M,7.0
2020-06-03-1355,12.1,12.6, 3.1,178.0,25.0M,7.0
2020-06-03-1357,12.1,12.6, 3.1,178.0,25.0M,7.0
2020-06-03-1358,11.7,12.6, 4.3,186.0,225.0,167.0
2020-06-03-1400,11.7,12.6, 4.3,186.0,225.0,167.0
2020-06-03-1401,11.1,12.6, 3.1,183.0,225.0,167.0
2020-06-03-1406,11.7,12.6, 4.3,186.0,225.0,167.0
2020-06-03-1431,7.0M,2.6M,4.7,197.0,225.0,167.0
2020-06-03-1441,8.9M,2.6M,4.7,178.0,225.0,167.0
2020-06-03-1446,9.9M,2.6M,4.7,172.0,225.0,167.0
2020-06-03-1451,11.9,12.6, 4.7,195.0,225.0,167.0
2020-06-03-1456,10.1,12.6, 4.7,188.0,225.0,167.0
2020-06-03-1509,11.1,12.6, 4.7,176.0,225.0,162.0
2020-06-03-1511, 11., 12., 4.7,176.0,225.0,162.0
2020-06-03-1523,12.8,13.2, 4.7,173.0,225.0,162.0
2020-06-03-1523,12.8, 13.,IN 4.,173.0,225.0,162.0
2020-06-03-1524,12.8, 13.,IN 4.,173.0,225.0,162.0
2020-06-03-1525,12.8,= 13, MIN,173.0,225.0,162.0
2020-06-03-1526,12.8,.2 M, 4.7,173.0,225.0,162.0
2020-06-03-1527,12.8,13.2, 4.7,173.0,225.0,162.0
2020-06-03-1531,12.8,13.2, 4.7,173.0,225.0,162.0
2020-06-03-1536,12.8,13.4, 4.7,174.0,225.0,162.0
2020-06-03-1541,12.4,14.0, 4.7,181.0,225.0,162.0
2020-06-03-1551,12.1,14.0, 4.7,176.0,225.0,162.0
2020-06-03-1601,12.4,14.0, 4.7,171.0,225.0,162.0
2020-06-03-1611,10.9,14.0, 4.7,195.0,225.0,162.0
2020-06-03-1616,10.3,14.0, 4.7,183.0,225.0,162.0
2020-06-03-1921,10.7,14.2, 6.8,170.0,210.0,161.0
2020-06-03-1931,,,,184.0,210.0,161.0
2020-06-03-1935,,,,177.0,204.0,161.0
2020-06-03-1936,,,,177.0,204.0,161.0
2020-06-03-1938,,,,177.0,204.0,161.0
2020-06-03-1940,,,,190.0,204.0,161.0
2020-06-03-1942,,,,190.0,204.0,161.0
2020-06-03-1955,11.5,14.2, 6.8,176.0,204.0,161.0
2020-06-03-1956,,,,178.0,204.0,161.0
2020-06-03-1956,,,,178.0,204.0,161.0
2020-06-03-2001,11.9,14.2, 6.8,171.0,204.0,161.0
2020-06-03-2004,10.7,14.2, 6.8,182.0,204.0,161.0
2020-06-03-2006,,,,186.0,204.0,161.0
2020-06-03-2016,10.7,14.2, 6.8,182.0,204.0,161.0
2020-06-03-2041,11.7,14.2, 7.8,171.0,204.0,161.0
2020-06-03-2131,10.5,14.2, 7.8,176.0,203.0,161.0
2020-06-04-0536,7.4 ,3.6 ,6.2,157.0,191.0,= 153
2020-06-04-0610,8.7 ,3.6 ,6.2,150.0,191.0,147.0
2020-06-04-0610,8.7 ,3.6 ,6.2,150.0,191.0,147.0
2020-06-04-0614,8.7 ,3.6 ,6.2,150.0, 191.,N 147
2020-06-04-0616,8.7 ,3.6 ,6.2,150.0, 191.,N 147
2020-06-04-0618,7.8 ,3.6 ,6.2,152.0,191.0,147.0
2020-06-04-0619,7.8 ,3.6 ,6.2,152.0,191.0,147.0
2020-06-04-0623,7.2,13.6,6.2,154.0,191.0,147.0
2020-06-04-0629,7.6,13.6,6.2,150.0,191.0,146.0
2020-06-04-0629,7.6,13.6,6.2,150.0,191.0,146.0
2020-06-04-0631,7.2,13.6,6.2,154.0,191.0,147.0
2020-06-04-0643,7.2,13.4,6.2,153.0,191.0,146.0
2020-06-04-0644,7.2,13.4,6.2,153.0,191.0,146.0
2020-06-04-0646,7.8,13.4,6.2,151.0,191.0,146.0
2020-06-04-0701,7.8,13.4,6.2,158.0,191.0,146.0
2020-06-04-0721,6.0,13.4,5.6,155.0,191.0,146.0
2020-06-04-0736,6.6,13.0,5.6,146.0,191.0,146.0
2020-06-04-1046,11.7,12.2,5.6,147.0,173.0,139.0
2020-06-04-1051,10.3,12.2,5.6,154.0,173.0,139.0
2020-06-04-1109,10.5,12.6,5.6,150.0,173.0,139.0
2020-06-04-1112,10.5,12.6,5.6,150.0,173.0,139.0
2020-06-04-1118,10.5,12.6,5.6,150.0,173.0,139.0
2020-06-04-1159,9.5,12.8,5.6,165.0,182.0,139.0
2020-06-04-1211,9.5,12.8,5.6,165.0,182.0,139.0
2020-06-04-1216,10.3,12.8,5.6,150.0,182.0,139.0
2020-06-04-1536,10.3,12.8,7.2,179.0,182.0,131.0
2020-06-04-1551,10.9,12.8,7.2,182.0,183.0,131.0
2020-06-04-1601,10.9,12.8,7.2,168.0,187.0,131.0
2020-06-05-1101,15.2,17.3,5.4,148.0,158.0,104.0
2020-06-05-1441,11.9,18.3,9.9,11.9,18.3,9.9
2020-06-05-1441,11.9,18.3,9.9,150.0,158.0,127.0
2020-06-06-0741,10.9,12.4,9.1,169.0,176.0,148.0
2020-06-06-0751,10.1,12.4,9.1,179.0,179.0,148.0
2020-06-06-0806,10.9,12.4,9.1,175.0,179.0,148.0
2020-06-06-0811,10.9,12.4,9.1,172.0,179.0,149.0
2020-06-06-1036,14.2,14.2,9.3,174.0,181.0,159.0
2020-06-13-1641,3.5,9.5,3.5,41.0,360.0,1.0
2020-06-13-1646,2.1,9.5,2.1,39.0,360.0,1.0
2020-06-13-1701,6.2,9.5,2.1,150.0,360.0,2.0
2020-06-13-1701,6.2,9.5,2.1,150.0,360.0,2.0
2020-06-13-1706,6.8,9.5,2.1,163.0,360.0,2.0
2020-06-13-1746,5.4,9.5,2.1,213.0,359.0,2.0
2020-06-13-1756,5.2,9.5,2.1,226.0,352.0,2.0
2020-06-13-1801,5.8,9.5,2.1,215.0,352.0,4.0
2020-06-13-1806,5.6,9.5,2.1,231.0,352.0,4.0
2020-06-13-1811,5.1,9.5,2.1,234.0,352.0,4.0
2020-06-13-1821,4.3,9.5,2.1,224.0,352.0,4.0
2020-06-13-1846,4.3,8.4,2.1,212.0,352.0,5.0
2020-06-13-1851,4.5,8.4,2.1,218.0,352.0,5.0
2020-06-13-1901,4.1,8.4,2.1,214.0,352.0,5.0
2020-06-13-2026,6.0,7.6,1.7,214.0,352.0,6.0
2020-06-13-2031,6.2,7.6,1.7,234.0,352.0,6.0
2020-06-13-2036,6.2,7.6,1.7,232.0,352.0,6.0
2020-06-13-2041,5.6,7.6,1.7,236.0,352.0,6.0
2020-06-13-2111,6.2,7.6,1.7,243.0,352.0,6.0
2020-06-13-2116,6.6,7.6,1.7,234.0,352.0,6.0
2020-06-13-2121,6.0,7.6,1.7,225.0,352.0,6.0
2020-06-13-2126,5.8,7.6,1.7,224.0,352.0,6.0
2020-06-13-2131,5.6,7.6,1.7,230.0,352.0,6.0
2020-06-13-2136,5.2,7.6,1.7,242.0,352.0,6.0
2020-06-13-2141,5.6,7.6,1.7,254.0,352.0,6.0
2020-06-13-2146,6.0,7.6,1.7,254.0,352.0,6.0
2020-06-13-2151,5.2,7.6,1.7,250.0,352.0,6.0
2020-06-13-2156,5.8,7.6,1.7,259.0,352.0,6.0
2020-06-14-0526,4.1,8.7,3.5,221.0,294.0,212.0
2020-06-14-0531,4.7,8.7,3.5,213.0,294.0,212.0
2020-06-14-0641,4.1,8.7,2.7,205.0,279.0,200.0
2020-06-14-0646,3.9,8.7,2.7,220.0,279.0,200.0
2020-06-14-0651,3.7,8.7,2.7,224.0,279.0,200.0
2020-06-14-0726,4.9,8.7,2.7,225.0,262.0,200.0
2020-06-14-0731,5.1,8.7,2.7,223.0,259.0,200.0
2020-06-14-0736,5.2,8.7,2.7,217.0,259.0,200.0
2020-06-14-0741,5.1,8.7,2.7,229.0,259.0,200.0
2020-06-14-0746,3.3,8.7,2.7,227.0,259.0,200.0
2020-06-14-0751,4.9,8.7,2.7,221.0,259.0,200.0
2020-06-14-0756,3.9,8.7,2.7,220.0,259.0,200.0
2020-06-14-0801,3.9,8.7,2.7,231.0,259.0,200.0
2020-06-14-0806,4.5,8.7,2.7,220.0,259.0,200.0
2020-06-14-0811,4.7,8.7,2.7,218.0,259.0,200.0
2020-06-14-0816,3.7,8.7,2.7,242.0,259.0,200.0
2020-06-14-0821,4.5,8.2,2.7,226.0,259.0,200.0
2020-06-14-0911,3.7,6.0,1.9,204.0,258.0,184.0
2020-06-14-0916,4.7,6.0,1.9,199.0,253.0,184.0
2020-06-14-0921,3.9,6.0,1.9,209.0,253.0,184.0
2020-06-14-0926,3.5,6.0,1.9,219.0,253.0,184.0
2020-06-14-0931,4.3,6.0,1.9,203.0,253.0,184.0
2020-06-14-0936,5.4,6.0,1.9,195.0,253.0,182.0
2020-06-14-0941,5.6,6.0,1.9,204.0,253.0,182.0
2020-06-14-0956,4.9,6.6,1.9,208.0,253.0,182.0
2020-06-14-1001,4.9,6.6,1.9,197.0,253.0,182.0
2020-06-14-1006,5.6,6.6,1.9,196.0,253.0,182.0
2020-06-14-1011,6.0,6.6,1.9,193.0,253.0,182.0
2020-06-14-1106,6.2,8.4,1.9,192.0,247.0,180.0
2020-06-14-1116,5.6,8.4,1.9,209.0,247.0,180.0
2020-06-14-1121,5.6,8.4,1.9,195.0,247.0,180.0
2020-06-14-1126,6.4,8.4,1.9,197.0,247.0,180.0
2020-06-14-1131,5.6,8.4,1.9,195.0,247.0,180.0
2020-06-14-1136,6.6,8.4,1.9,190.0,244.0,180.0
2020-06-14-1141,6.4,8.4,1.9,194.0,244.0,180.0
2020-06-14-1156,6.2,8.4,1.9,191.0,244.0,175.0
2020-06-14-1201,5.6,8.4,1.9,197.0,244.0,175.0
2020-06-14-1206,6.0,8.4,1.9,199.0,244.0,175.0
2020-06-14-1211,6.2,8.4,1.9,200.0,244.0,175.0
2020-06-14-1216,6.6,8.4,1.9,196.0,244.0,175.0
2020-06-14-1221,7.4,8.4,1.9,197.0,244.0,175.0
2020-06-14-1226,6.8,8.4,1.9,197.0,244.0,175.0
2020-06-14-1231,8.0,8.4,1.9,187.0,244.0,175.0
2020-06-14-1236,7.8,8.4,1.9,184.0,244.0,175.0
2020-06-14-1241,7.2,8.4,1.9,186.0,244.0,175.0
2020-06-14-1246,7.8,8.4,1.9,184.0,244.0,175.0
2020-06-14-1251,8.6,8.6,1.9,192.0,244.0,175.0
2020-06-14-1256,7.4,8.6,1.9,191.0,244.0,175.0
2020-06-14-1301,8.2,8.6,1.9,197.0,244.0,175.0
2020-06-14-1306,7.4,8.6,1.9,189.0,244.0,175.0
2020-06-14-1311,7.4,8.6,1.9,197.0,244.0,175.0
2020-06-14-1316,8.0,8.6,1.9,191.0,244.0,175.0
2020-06-14-1321,7.6,8.6,1.9,191.0,244.0,175.0
2020-06-14-1326,6.8,8.6,1.9,195.0,244.0,175.0
2020-06-14-1331,6.4,8.6,1.9,184.0,244.0,175.0
2020-06-14-1336,6.4,8.6,1.9,184.0,244.0,175.0
2020-06-14-1341,5.6,8.6,1.9,180.0,244.0,175.0
2020-06-14-1346,6.4,8.6,1.9,201.0,244.0,175.0
2020-06-14-1351,5.2,8.6,1.9,182.0,244.0,175.0
2020-06-14-1356,6.0,8.6,1.9,189.0,242.0,175.0
2020-06-14-1401,6.6,8.6,1.9,183.0,242.0,175.0
2020-06-14-1406,4.7,8.6,1.9,179.0,242.0,175.0
2020-06-14-1411,6.0,8.6,1.9,188.0,242.0,171.0
2020-06-14-1416,6.4,8.6,1.9,194.0,242.0,171.0
2020-06-14-1421,5.4,8.6,1.9,172.0,227.0,171.0
2020-06-14-1426,5.1,8.6,1.9,195.0,227.0,170.0
2020-06-14-1431,6.0,8.6,1.9,190.0,223.0,170.0
2020-06-14-1436,5.8,8.6,1.9,189.0,223.0,170.0
2020-06-14-1441,6.6,8.6,2.7,192.0,223.0,170.0
2020-06-14-1446,7.8,8.6,2.7,196.0,219.0,170.0
2020-06-14-1451,6.4,8.6,2.7,193.0,219.0,170.0
2020-06-14-1456,7.4,8.6,2.7,202.0,219.0,170.0
2020-06-14-1501,6.8,8.6,2.7,182.0,219.0,170.0
2020-06-14-1506,7.6,8.6,2.7,196.0,219.0,170.0
2020-06-14-1511,6.8,8.6,2.7,194.0,219.0,170.0
2020-06-14-1516,7.8,8.6,2.7,185.0,219.0,170.0
2020-06-14-1521,7.6,8.6,3.3,196.0,219.0,170.0
2020-06-14-1526,5.1,8.6,4.1,203.0,215.0,170.0
2020-06-14-1531,6.6,8.6,4.3,181.0,215.0,170.0
2020-06-14-1536,4.9,8.6,4.3,177.0,215.0,170.0
2020-06-14-1541,7.4,8.6,4.3,185.0,215.0,170.0
2020-06-14-1546,7.2,8.6,4.3,174.0,215.0,170.0
2020-06-14-1551,5.4,8.6,4.3,162.0,215.0,162.0
2020-06-14-1556,4.5,8.6,4.1,177.0,215.0,159.0
2020-06-14-1601,5.2,8.6,4.1,201.0,209.0,159.0
2020-06-14-1606,5.4,8.6,4.1,186.0,211.0,159.0
2020-06-14-1611,5.8,8.6,4.1,190.0,211.0,159.0
2020-06-14-1616,5.2,8.6,4.1,204.0,211.0,159.0
2020-06-14-1621,4.7,8.6,4.1,218.0,218.0,159.0
2020-06-14-1626,6.2,8.6,4.1,203.0,218.0,159.0
2020-06-14-1631,4.9,8.6,4.1,190.0,218.0,159.0
2020-06-14-1636,6.2,8.6,4.1,188.0,218.0,159.0
2020-06-14-1636,6.2,8.6,4.1,188.0,218.0,159.0
2020-06-14-1641,6.4,8.6,4.1,205.0,218.0,159.0
2020-06-14-1646,7.0,8.6,4.1,194.0,218.0,159.0
2020-06-14-1651,4.7,8.6,4.1,193.0,218.0,159.0
2020-06-14-1656,6.4,8.6,4.1,184.0,218.0,159.0
2020-06-14-1701,4.9,8.6,4.1,192.0,218.0,159.0
2020-06-14-1706,7.0,8.6,4.1,192.0,218.0,159.0
2020-06-14-1711,6.6,8.6,4.1,195.0,218.0,159.0
2020-06-14-1716,6.2,8.6,4.1,180.0,218.0,159.0
2020-06-14-1721,6.6,8.6,4.1,203.0,218.0,159.0
2020-06-14-1726,6.8,8.6,4.1,189.0,218.0,159.0
2020-06-14-1731,6.2,8.6,4.1,208.0,218.0,159.0
2020-06-14-1736,7.6,8.6,4.1,177.0,218.0,159.0
2020-06-14-1741,5.8,8.6,4.1,188.0,218.0,159.0
2020-06-14-1746,7.2,8.6,4.1,202.0,218.0,159.0
2020-06-14-1751,6.8,8.6,4.1,179.0,218.0,159.0
2020-06-14-1756,5.6,8.6,4.1,170.0,218.0,159.0
2020-06-14-1801,6.0,8.6,4.1,209.0,218.0,159.0
2020-06-14-1806,6.0,8.6,4.1,168.0,218.0,159.0
2020-06-14-1811,3.5,8.6,2.9,183.0,218.0,159.0
2020-06-14-1816,4.3,8.6,2.9,165.0,218.0,150.0
2020-06-14-1821,4.3,8.6,2.9,197.0,218.0,150.0
2020-06-14-1826,5.1,8.6,2.9,203.0,218.0,150.0
2020-06-14-1831,3.3,8.6,2.9,161.0,218.0,150.0
2020-06-14-1836,4.1,8.6,2.9,198.0,218.0,150.0
2020-06-14-1841,4.9,8.6,2.9,182.0,218.0,150.0
2020-06-14-1846,4.3,8.6,2.9,178.0,218.0,150.0
2020-06-14-1851,3.9,8.6,2.9,198.0,218.0,150.0
2020-06-14-1856,6.0,8.4,2.9,168.0,218.0,150.0
2020-06-14-1901,5.6,8.4,2.9,197.0,218.0,150.0
2020-06-14-1956,6.6,8.4,2.9,129.0,218.0,128.0
2020-06-14-2001,5.8,8.4,2.9,151.0,218.0,128.0
2020-06-14-2006,5.1,8.4,2.9,138.0,218.0,128.0
2020-06-14-2011,5.8,8.4,2.9,127.0,218.0,127.0
2020-06-14-2016,5.2,8.4,2.9,142.0,218.0,121.0
2020-06-14-2021,5.1,8.4,2.9,142.0,218.0,121.0
2020-06-14-2026,5.8,8.4,2.9,141.0,218.0,121.0
2020-06-14-2031,5.6,8.4,2.9,138.0,218.0,121.0
2020-06-14-2036,4.3,8.4,2.9,130.0,218.0,121.0
2020-06-14-2041,5.2,8.4,2.9,139.0,218.0,121.0
2020-06-14-2046,5.4,8.4,2.9,127.0,218.0,121.0
2020-06-14-2051,4.9,8.4,2.9,125.0,218.0,121.0
2020-06-14-2056,5.2,8.0,2.9,130.0,218.0,121.0
2020-06-14-2101,5.1,8.0,2.9,120.0,218.0,120.0
2020-06-14-2106,4.9,7.8,2.9,122.0,218.0,120.0
2020-06-14-2111,4.5,7.8,2.9,131.0,218.0,120.0
2020-06-14-2116,3.9,7.8,2.9,124.0,218.0,120.0
2020-06-14-2121,4.3,7.8,2.9,121.0,218.0,120.0
2020-06-14-2126,3.7,7.6,2.9,119.0,218.0,112.0
2020-06-14-2131,4.1,7.6,2.9,124.0,218.0,112.0
2020-06-14-2136,4.1,7.6,2.9,113.0,218.0,112.0
2020-06-14-2141,3.5,7.6,2.9,126.0,218.0,112.0
2020-06-14-2146,4.3,7.6,2.9,123.0,218.0,112.0
2020-06-14-2151,3.7,7.6,2.9,128.0,218.0,112.0
2020-06-14-2156,3.5,7.6,2.9,127.0,218.0,112.0
2020-06-14-2201,3.1,7.6,2.9,122.0,218.0,112.0
2020-06-14-2206,3.1,7.6,2.9,126.0,218.0,112.0
2020-06-14-2211,3.5,7.6,2.9,117.0,218.0,112.0
2020-06-14-2216,3.5,7.6,2.9,111.0,218.0,111.0
2020-06-14-2221,3.1,7.6,2.9,107.0,218.0,104.0
2020-06-14-2226,3.3,7.6,2.9,120.0,213.0,104.0
2020-06-14-2231,3.1,7.6,2.9,118.0,213.0,104.0
2020-06-14-2236,3.5,7.6,2.9,114.0,213.0,104.0
2020-06-14-2241,3.5,7.6,2.9,115.0,213.0,104.0
2020-06-14-2246,3.9,7.6,2.9,119.0,213.0,104.0
2020-06-14-2251,4.1,7.6,2.9,113.0,213.0,104.0
2020-06-14-2256,3.9,7.6,2.9,113.0,213.0,104.0
2020-06-14-2301,4.1,7.6,2.9,129.0,213.0,104.0
2020-06-14-2306,3.7,7.6,2.9,125.0,213.0,104.0
2020-06-14-2311,3.9,7.6,2.9,113.0,213.0,104.0
2020-06-14-2316,3.9,7.6,2.9,112.0,213.0,104.0
2020-06-14-2321,3.7,7.6,2.9,125.0,213.0,104.0
2020-06-14-2326,3.9,7.6,2.9,117.0,213.0,104.0
2020-06-14-2331,4.1,7.6,2.9,125.0,213.0,104.0
2020-06-14-2336,3.5,7.6,2.9,128.0,213.0,104.0
2020-06-14-2341,3.3,7.2,2.9,120.0,213.0,104.0
2020-06-14-2346,3.9,7.2,2.9,109.0,213.0,104.0
2020-06-14-2356,3.9,7.2,2.9,110.0,213.0,104.0
2020-06-15-0001,4.3,7.2,2.9,113.0,213.0,104.0
2020-06-15-0006,4.5,7.2,2.9,113.0,211.0,104.0
2020-06-15-0011,3.9,7.2,2.9,112.0,211.0,104.0
2020-06-15-0016,3.3,7.2,2.9,122.0,211.0,104.0
2020-06-15-0021,3.7,7.2,2.9,113.0,211.0,104.0
2020-06-15-0026,3.1,7.2,2.9,116.0,211.0,104.0
2020-06-15-0031,3.1,7.2,2.9,106.0,205.0,104.0
2020-06-15-0036,3.3,7.2,2.9,106.0,200.0,104.0
2020-06-15-0041,3.3,7.2,2.9,103.0,200.0,100.0
2020-06-15-0046,3.9,7.2,2.9,101.0,200.0,100.0
2020-06-15-0051,3.1,7.2,2.9,106.0,200.0,94.0
2020-06-15-0056,3.3,7.2,2.9,113.0,200.0,94.0
2020-06-15-0101,3.7,7.2,2.9,95.0,200.0,94.0
2020-06-15-0106,3.7,7.2,2.9,87.0,191.0,87.0
2020-06-15-0111,3.7,7.2,2.9,81.0,191.0,81.0
2020-06-15-0116,3.9,7.2,2.9,74.0,185.0,74.0
2020-06-15-0121,2.9,7.2,2.9,79.0,180.0,74.0
2020-06-15-0126,4.1,7.2,2.7,89.0,180.0,74.0
2020-06-15-0131,3.5,7.2,2.7,88.0,155.0,74.0
2020-06-15-0136,4.7,7.2,2.7,75.0,155.0,74.0
2020-06-15-0141,5.2,7.2,2.7,76.0,154.0,74.0
2020-06-15-0146,4.9,7.2,2.7,77.0,151.0,74.0
2020-06-15-0151,4.9,6.8,2.7,80.0,151.0,74.0
2020-06-15-0156,5.1,6.8,2.7,82.0,151.0,74.0
2020-06-15-0201,4.7,6.4,2.7,76.0,151.0,74.0
2020-06-15-0206,3.9,6.4,2.7,73.0,149.0,73.0
2020-06-15-0211,3.5,6.4,2.7,63.0,149.0,62.0
2020-06-15-0216,3.7,6.4,2.7,85.0,149.0,62.0
2020-06-15-0221,3.5,6.4,2.7,75.0,149.0,62.0
2020-06-15-0226,3.1,6.4,2.7,79.0,149.0,62.0
2020-06-15-0231,2.1,5.6,2.1,95.0,149.0,62.0
2020-06-15-0236,2.5,5.6,2.1,94.0,149.0,62.0
2020-06-15-0241,2.3,5.6,2.1,80.0,139.0,62.0
2020-06-15-0246,1.9,5.4,1.9,108.0,134.0,62.0
2020-06-15-0251,2.3,5.4,1.9,69.0,134.0,62.0
2020-06-15-0256,2.7,5.4,1.9,89.0,134.0,62.0
2020-06-15-0301,3.3,5.2,1.9,76.0,134.0,62.0
2020-06-15-0306,3.5,5.2,1.9,80.0,134.0,62.0
2020-06-15-0311,4.3,5.2,1.9,69.0,131.0,62.0
2020-06-15-0316,4.9,5.2,1.9,64.0,129.0,62.0
2020-06-15-0321,5.6,5.6,1.9,81.0,129.0,62.0
2020-06-15-0326,5.2,5.6,1.9,80.0,129.0,62.0
2020-06-15-0331,4.5,5.6,1.9,79.0,129.0,62.0
2020-06-15-0336,5.2,5.6,1.9,76.0,129.0,62.0
2020-06-15-0341,5.4,5.6,1.9,73.0,129.0,62.0
2020-06-15-0346,5.4,5.6,1.9,72.0,129.0,62.0
2020-06-15-0351,5.1,5.6,1.9,70.0,129.0,62.0
2020-06-15-0356,5.8,5.8,1.9,89.0,129.0,62.0
2020-06-15-0401,6.0,6.0,1.9,76.0,129.0,62.0
2020-06-15-0406,6.2,6.6,1.9,75.0,129.0,62.0
2020-06-15-0411,7.4,7.4,1.9,72.0,129.0,62.0
2020-06-15-0416,6.8,7.4,1.9,72.0,129.0,62.0
2020-06-15-0421,7.4,7.4,1.9,72.0,129.0,62.0
2020-06-15-0426,7.4,7.4,1.9,74.0,129.0,62.0
2020-06-15-0431,7.4,7.8,1.9,74.0,129.0,62.0
2020-06-15-0436,6.2,7.8,1.9,74.0,129.0,62.0
2020-06-15-0441,6.0,7.8,1.9,78.0,129.0,62.0
2020-06-15-0446,5.6,7.8,1.9,85.0,129.0,62.0
2020-06-15-0451,6.2,7.8,1.9,84.0,129.0,62.0
2020-06-15-0456,7.4,7.8,1.9,81.0,129.0,62.0
2020-06-15-0501,6.6,7.8,1.9,76.0,129.0,62.0
2020-06-15-0506,6.6,7.8,1.9,81.0,129.0,62.0
2020-06-15-0511,6.0,7.8,1.9,88.0,129.0,62.0
2020-06-15-0516,5.8,7.8,1.9,89.0,129.0,62.0
2020-06-15-0521,7.0,7.8,1.9,86.0,129.0,62.0
2020-06-15-0526,7.0,7.8,1.9,75.0,129.0,62.0
2020-06-15-0531,7.0,7.8,1.9,78.0,129.0,62.0
2020-06-15-0536,7.2,7.8,1.9,80.0,128.0,62.0
2020-06-15-0541,8.0,8.6,1.9,80.0,122.0,62.0
2020-06-15-0546,8.9,8.9,1.9,74.0,122.0,62.0
2020-06-15-0551,8.7,9.3,1.9,73.0,122.0,62.0
2020-06-15-0556,8.2,9.3,1.9,68.0,122.0,62.0
2020-06-15-0601,7.6,9.3,1.9,65.0,122.0,62.0
2020-06-15-0606,7.4,9.3,1.9,68.0,122.0,62.0
2020-06-15-0611,7.2,9.3,1.9,70.0,122.0,62.0
2020-06-15-0616,7.4,9.3,1.9,72.0,122.0,62.0
2020-06-15-0621,8.0,9.3,1.9,77.0,119.0,62.0
2020-06-15-0626,7.4,9.3,1.9,72.0,119.0,62.0
2020-06-15-0631,6.0,9.3,1.9,72.0,119.0,62.0
2020-06-15-0636,6.4,9.3,1.9,71.0,119.0,62.0
2020-06-15-0641,6.6,9.3,1.9,79.0,119.0,62.0
2020-06-15-0646,6.0,9.3,1.9,72.0,119.0,62.0
2020-06-15-0651,6.6,9.3,1.9,77.0,119.0,62.0
2020-06-15-0656,7.0,9.3,1.9,76.0,116.0,62.0
2020-06-15-0701,7.6,9.3,1.9,76.0,116.0,62.0
2020-06-15-0706,6.6,9.3,1.9,71.0,116.0,62.0
2020-06-15-0711,6.8,9.3,1.9,70.0,116.0,62.0
2020-06-15-0716,6.4,9.3,1.9,68.0,116.0,62.0
2020-06-15-0721,7.0,9.3,1.9,72.0,116.0,62.0
2020-06-15-0726,7.2,9.3,1.9,68.0,116.0,62.0
2020-06-15-0731,7.6,9.3,1.9,66.0,116.0,62.0
2020-06-15-0736,7.8,9.3,1.9,68.0,116.0,62.0
2020-06-15-0741,7.6,9.3,1.9,70.0,116.0,62.0
2020-06-15-0746,7.0,9.3,1.9,71.0,116.0,62.0
2020-06-15-0751,7.8,9.3,1.9,72.0,116.0,62.0
2020-06-15-0756,7.8,9.3,1.9,73.0,116.0,62.0
2020-06-15-0801,8.6,9.3,1.9,63.0,116.0,62.0
2020-06-15-0806,8.6,9.3,1.9,80.0,116.0,62.0
2020-06-15-0811,8.2,9.3,1.9,74.0,116.0,62.0
2020-06-15-0816,8.6,9.3,1.9,90.0,116.0,62.0
2020-06-15-0821,8.9,9.3,1.9,89.0,116.0,62.0
2020-06-15-0826,9.3,9.3,1.9,94.0,116.0,62.0
2020-06-15-0831,5.8,9.3,1.9,83.0,116.0,62.0
2020-06-15-0836,7.4,9.3,1.9,89.0,116.0,62.0
2020-06-15-0841,7.4,9.3,1.9,104.0,116.0,62.0
2020-06-15-0846,8.7,9.3,1.9,87.0,111.0,62.0
2020-06-15-0851,7.4,9.3,2.3,96.0,111.0,62.0
2020-06-15-0856,7.4,9.3,2.7,100.0,111.0,62.0
2020-06-15-0901,7.0,9.3,3.3,81.0,111.0,62.0
2020-06-15-0906,7.0,9.3,3.5,93.0,111.0,62.0
2020-06-15-0911,6.0,9.3,4.1,86.0,111.0,62.0
2020-06-15-0916,6.2,9.3,4.1,88.0,111.0,62.0
2020-06-15-0921,7.2,9.3,4.1,93.0,111.0,62.0
2020-06-15-0926,6.4,9.3,4.1,84.0,111.0,62.0
2020-06-15-0931,7.6,9.3,4.1,90.0,111.0,62.0
2020-06-15-0936,5.6,9.3,4.9,105.0,111.0,62.0
2020-06-15-0941,5.1,9.3,5.1,92.0,111.0,62.0
2020-06-15-0946,7.0,9.3,4.9,89.0,111.0,62.0
2020-06-15-0951,8.0,9.3,4.9,95.0,111.0,62.0
2020-06-15-0956,6.4,9.3,4.9,93.0,111.0,62.0
2020-06-15-1001,6.4,9.3,4.9,95.0,111.0,62.0
2020-06-15-1006,7.2,9.3,4.9,100.0,111.0,62.0
2020-06-15-1011,6.6,9.3,4.9,99.0,111.0,62.0
2020-06-15-1016,6.0,9.3,4.9,108.0,111.0,62.0
2020-06-15-1021,7.0,9.3,4.9,111.0,111.0,62.0
2020-06-15-1026,7.2,9.3,4.9,121.0,121.0,62.0
2020-06-15-1031,8.0,9.3,4.9,97.0,126.0,62.0
2020-06-15-1036,6.8,9.3,4.9,127.0,127.0,62.0
2020-06-15-1041,5.4,9.3,4.9,97.0,127.0,62.0
2020-06-15-1046,5.6,9.3,4.9,97.0,127.0,62.0
2020-06-15-1051,5.6,9.3,4.9,86.0,127.0,62.0
2020-06-15-1056,5.6,9.3,4.9,96.0,127.0,62.0
2020-06-15-1101,6.0,9.3,4.9,93.0,127.0,62.0
2020-06-15-1106,6.6,9.3,4.9,104.0,127.0,62.0
2020-06-15-1111,4.1,9.3,4.1,90.0,127.0,62.0
2020-06-15-1116,4.7,9.3,3.7,93.0,127.0,62.0
2020-06-15-1121,4.9,9.3,3.7,90.0,127.0,62.0
2020-06-15-1126,4.5,9.3,3.7,83.0,127.0,62.0
2020-06-15-1131,5.6,9.3,3.7,90.0,127.0,62.0
2020-06-15-1136,6.0,9.3,3.7,91.0,127.0,62.0
2020-06-15-1141,5.4,9.3,3.7,81.0,127.0,62.0
2020-06-15-1146,4.1,9.3,3.7,95.0,127.0,62.0
2020-06-15-1211,5.2,9.3,3.7,87.0,127.0,62.0
2020-06-15-1216,6.4,9.3,3.7,83.0,127.0,62.0
2020-06-15-1231,7.0,9.3,3.7,92.0,127.0,62.0
2020-06-15-1236,7.2,9.3,3.7,93.0,127.0,62.0
2020-06-15-1241,7.8,9.3,3.7,99.0,127.0,62.0
2020-06-15-1246,7.4,9.3,3.7,97.0,127.0,62.0
2020-06-15-1251,7.4,9.3,3.7,126.0,127.0,62.0
2020-06-15-1256,7.2,9.3,3.7,125.0,132.0,62.0
2020-06-15-1301,7.2,9.3,3.7,130.0,139.0,62.0
2020-06-15-1306,8.0,9.3,3.7,101.0,139.0,62.0
2020-06-15-1311,7.4,9.3,3.7,96.0,139.0,62.0
2020-06-15-1316,6.8,9.3,3.7,100.0,139.0,63.0
2020-06-15-1321,8.2,9.3,3.7,116.0,139.0,63.0
2020-06-15-1326,7.8,9.3,3.7,105.0,139.0,63.0
2020-06-15-1331,6.4,9.3,3.7,128.0,139.0,63.0
2020-06-15-1336,10.3,10.3,3.7,101.0,139.0,63.0
2020-06-15-1346,9.9,10.3,3.7,94.0,139.0,63.0
2020-06-15-1351,11.5,11.5,3.7,93.0,139.0,63.0
2020-06-15-1356,9.3,11.5,3.7,92.0,139.0,63.0
2020-06-15-1401,10.3,11.5,3.7,97.0,139.0,63.0
2020-06-15-1406,10.7,11.5,3.7,92.0,139.0,73.0
2020-06-15-1411,10.3,11.5,3.7,98.0,139.0,73.0
2020-06-15-1416,10.1,11.5,3.7,100.0,139.0,78.0
2020-06-15-1421,11.3,11.5,3.7,96.0,139.0,78.0
2020-06-15-1426,11.9,11.9,3.7,95.0,139.0,78.0
2020-06-15-1431,10.5,11.9,3.7,100.0,139.0,78.0
2020-06-15-1436,11.5,11.9,3.7,101.0,139.0,78.0
2020-06-15-1441,10.3,11.9,3.7,98.0,139.0,78.0
2020-06-15-1446,9.9,11.9,3.7,100.0,139.0,78.0
2020-06-15-1451,11.7,11.9,3.7,96.0,139.0,79.0
2020-06-15-1456,10.7,12.4,3.7,107.0,139.0,79.0
2020-06-15-1501,10.7,12.4,3.7,104.0,139.0,79.0
2020-06-15-1506,10.9,12.4,3.7,100.0,139.0,79.0
2020-06-15-1511,10.1,12.4,3.7,104.0,139.0,79.0
2020-06-15-1516,9.9,12.4,3.7,101.0,139.0,79.0
2020-06-15-1521,10.7,12.4,3.7,97.0,139.0,79.0
2020-06-15-1526,11.3,12.4,3.7,97.0,139.0,79.0
2020-06-15-1531,10.5,12.4,3.7,104.0,139.0,79.0
2020-06-15-1536,10.1,12.4,3.7,103.0,139.0,79.0
2020-06-15-1541,10.3,12.4,3.7,103.0,139.0,79.0
2020-06-15-1546,9.3,12.4,3.7,104.0,139.0,79.0
2020-06-15-1551,9.5,12.4,3.7,105.0,139.0,79.0
2020-06-15-1556,9.9,12.4,3.7,110.0,139.0,79.0
2020-06-15-1601,8.9,12.4,3.7,105.0,139.0,79.0
2020-06-15-1606,9.7,12.4,3.7,101.0,139.0,79.0
2020-06-15-1611,9.3,12.4,3.7,101.0,139.0,79.0
2020-06-15-1616,10.7,12.4,3.7,93.0,139.0,79.0
2020-06-15-1621,10.7,12.4,3.7,103.0,139.0,79.0
2020-06-15-1626,10.3,12.4,3.7,98.0,139.0,79.0
2020-06-15-1631,10.1,12.4,3.7,95.0,139.0,79.0
2020-06-15-1636,10.1,12.4,3.7,95.0,139.0,79.0
2020-06-15-1646,9.9,12.4,3.7,104.0,139.0,79.0
2020-06-15-1651,7.6,12.4,3.7,122.0,139.0,79.0
2020-06-15-1656,10.5,12.4,3.7,101.0,139.0,79.0
2020-06-15-1701,9.5,12.4,3.7,92.0,139.0,79.0
2020-06-15-1706,9.7,12.4,3.7,95.0,139.0,79.0
2020-06-15-1711,8.9,12.4,3.7,87.0,139.0,79.0
2020-06-15-1716,10.1,12.4,3.7,92.0,139.0,79.0
2020-06-15-1721,8.4,12.4,3.7,90.0,139.0,79.0
2020-06-15-1726,9.1,12.4,3.7,97.0,139.0,79.0
2020-06-15-1731,10.7,12.4,3.7,97.0,139.0,79.0
2020-06-15-1736,9.3,12.4,3.7,95.0,139.0,79.0
2020-06-15-1741,9.9,12.4,3.7,98.0,139.0,79.0
2020-06-15-1746,9.7,12.4,3.7,100.0,139.0,79.0
2020-06-15-1751,9.3,12.4,5.1,103.0,139.0,83.0
2020-06-15-1756,9.9,12.4,5.1,103.0,139.0,83.0
2020-06-15-1801,8.4,12.4,5.1,95.0,139.0,83.0
2020-06-15-1806,7.8,12.4,5.1,99.0,139.0,83.0
2020-06-15-1811,7.8,12.4,5.2,103.0,139.0,83.0
2020-06-15-1816,8.2,12.4,5.6,106.0,139.0,83.0
2020-06-15-1821,8.2,12.4,6.0,103.0,139.0,85.0
2020-06-15-1826,7.6,12.4,6.0,97.0,139.0,85.0
2020-06-15-1831,7.4,12.4,6.0,101.0,139.0,87.0
2020-06-15-1836,6.8,12.4,6.0,104.0,139.0,87.0
2020-06-15-1841,6.0,12.4,6.0,95.0,139.0,87.0
2020-06-15-1846,5.2,12.4,4.5,93.0,139.0,87.0
2020-06-15-1851,7.2,12.4,4.5,74.0,139.0,74.0
2020-06-15-1856,7.8,12.4,4.5,96.0,139.0,74.0
2020-06-15-1901,7.4,12.4,4.5,102.0,134.0,74.0
2020-06-15-1951,6.8,12.4,4.5,99.0,122.0,74.0
2020-06-15-1956,6.6,12.4,4.5,104.0,122.0,74.0
2020-06-15-2001,7.2,12.4,4.5,100.0,122.0,74.0
2020-06-15-2006,6.8,12.4,4.5,90.0,122.0,74.0
2020-06-15-2011,7.2,12.4,4.5,100.0,122.0,74.0
2020-06-15-2016,7.8,12.4,4.5,93.0,122.0,74.0
2020-06-15-2021,7.6,12.4,4.5,82.0,122.0,74.0
2020-06-15-2026,7.8,12.4,4.5,73.0,122.0,73.0
2020-06-15-2031,7.2,12.4,4.5,72.0,122.0,70.0
2020-06-15-2036,8.0,12.4,4.5,78.0,122.0,70.0
2020-06-15-2041,8.9,12.4,4.5,74.0,122.0,70.0
2020-06-15-2046,8.6,12.4,4.5,77.0,122.0,67.0
2020-06-15-2051,8.4,12.4,4.5,78.0,122.0,67.0
2020-06-15-2056,8.4,12.1,4.5,79.0,122.0,67.0
2020-06-15-2101,8.0,12.1,4.5,80.0,122.0,67.0
2020-06-15-2106,7.4,12.1,4.5,70.0,122.0,67.0
2020-06-15-2111,8.4,12.1,4.5,63.0,122.0,58.0
2020-06-15-2116,7.8,12.1,4.5,71.0,122.0,58.0
2020-06-15-2121,7.8,12.1,4.5,64.0,122.0,58.0
2020-06-15-2126,7.6,12.1,4.5,61.0,122.0,58.0
2020-06-15-2131,6.6,12.1,4.5,74.0,122.0,58.0
2020-06-15-2136,6.4,12.1,4.5,63.0,122.0,58.0
2020-06-15-2141,5.8,12.1,4.5,65.0,122.0,58.0
2020-06-15-2146,5.2,12.1,4.5,85.0,122.0,58.0
2020-06-15-2151,5.1,12.1,4.5,87.0,122.0,58.0
2020-06-15-2156,5.4,12.1,4.5,88.0,122.0,58.0
2020-06-15-2201,5.1,12.1,4.5,84.0,122.0,58.0
2020-06-15-2206,5.8,12.1,4.5,70.0,122.0,58.0
2020-06-15-2211,6.6,12.1,4.5,66.0,122.0,58.0
2020-06-15-2216,6.6,12.1,4.5,71.0,122.0,58.0
2020-06-15-2221,7.0,10.9,4.5,63.0,122.0,58.0
2020-06-15-2226,7.0,10.7,4.5,73.0,122.0,58.0
2020-06-15-2231,6.4,10.7,4.5,73.0,122.0,58.0
2020-06-15-2236,6.4,10.7,4.5,80.0,122.0,58.0
2020-06-15-2241,6.6,10.7,4.5,74.0,122.0,58.0
2020-06-15-2246,6.0,10.7,4.5,82.0,122.0,58.0
2020-06-15-2251,5.8,10.7,4.5,60.0,122.0,58.0
2020-06-15-2256,5.4,10.7,4.5,69.0,118.0,58.0
2020-06-15-2301,5.1,10.7,4.5,76.0,118.0,58.0
2020-06-15-2306,6.0,10.7,4.5,87.0,118.0,58.0
2020-06-15-2311,5.8,10.7,4.5,85.0,118.0,58.0
2020-06-15-2316,5.2,10.7,4.5,70.0,118.0,58.0
2020-06-15-2321,5.6,10.7,4.5,87.0,118.0,58.0
2020-06-15-2326,4.5,10.7,4.5,75.0,118.0,58.0
2020-06-15-2336,4.3,9.9,4.1,96.0,118.0,58.0
2020-06-15-2341,4.7,9.9,4.1,96.0,118.0,58.0
2020-06-15-2346,4.9,9.9,4.1,94.0,118.0,58.0
2020-06-15-2351,5.8,9.9,4.1,92.0,118.0,58.0
2020-06-15-2356,5.4,9.9,4.1,88.0,118.0,58.0
2020-06-16-0241,6.0,8.9,4.1,78.0,101.0,58.0
2020-06-16-0246,5.8,8.9,4.1,71.0,101.0,58.0
2020-06-16-0251,6.6,8.9,4.1,68.0,101.0,58.0
2020-06-16-0256,6.2,8.6,4.1,74.0,101.0,58.0
2020-06-16-0301,5.6,8.6,4.1,63.0,101.0,58.0
2020-06-16-0306,5.8,8.6,4.1,62.0,101.0,58.0
2020-06-16-0311,6.2,8.6,4.1,62.0,101.0,58.0
2020-06-16-0316,6.0,8.0,4.1,72.0,101.0,58.0
2020-06-16-0321,5.6,7.8,4.1,72.0,101.0,58.0
2020-06-16-0326,6.6,7.6,4.1,71.0,101.0,58.0
2020-06-16-0331,6.0,7.4,4.1,72.0,101.0,58.0
2020-06-16-0336,6.0,7.4,4.1,62.0,101.0,58.0
2020-06-16-0341,6.4,7.4,4.1,73.0,101.0,58.0
2020-06-16-0346,6.2,7.4,4.1,70.0,101.0,58.0
2020-06-16-0351,5.6,7.4,4.1,70.0,101.0,58.0
2020-06-16-0356,6.0,7.4,4.1,65.0,101.0,58.0
2020-06-16-0401,5.6,7.4,4.1,70.0,101.0,58.0
2020-06-16-0406,5.6,7.4,4.1,80.0,101.0,58.0
2020-06-16-0411,5.1,7.4,4.1,71.0,101.0,58.0
2020-06-16-0416,4.9,7.4,4.1,74.0,101.0,58.0
2020-06-16-0421,4.9,7.2,4.1,95.0,101.0,58.0
2020-06-16-0426,5.1,7.0,4.1,93.0,101.0,58.0
2020-06-16-0431,4.7,7.0,4.1,86.0,101.0,58.0
2020-06-16-0436,5.1,6.8,4.1,93.0,101.0,58.0
2020-06-16-0441,4.3,6.8,4.1,87.0,101.0,58.0
2020-06-16-0446,3.9,6.8,3.9,76.0,101.0,58.0
2020-06-16-0456,4.7,6.8,3.9,74.0,101.0,58.0
2020-06-16-0501,4.3,6.8,3.9,83.0,101.0,58.0
2020-06-16-0506,3.5,6.8,3.3,83.0,101.0,58.0
2020-06-16-0511,3.3,6.8,3.3,75.0,101.0,58.0
2020-06-16-0526,3.3,6.8,2.9,82.0,101.0,58.0
2020-06-16-0531,4.3,6.8,2.9,75.0,101.0,58.0
2020-06-16-0541,4.7,6.8,2.9,64.0,101.0,58.0
2020-06-16-0546,4.3,6.8,2.9,71.0,101.0,58.0
2020-06-16-0551,4.9,6.8,2.9,62.0,99.0,58.0
2020-06-16-0556,5.6,6.8,2.9,61.0,99.0,58.0
2020-06-16-0601,6.4,6.8,2.9,55.0,99.0,55.0
2020-06-16-0606,7.4,7.6,2.9,60.0,99.0,54.0
2020-06-16-0611,6.8,7.6,2.9,68.0,99.0,54.0
2020-06-16-0616,6.6,7.6,2.9,69.0,99.0,54.0
2020-06-16-0621,7.0,7.6,2.9,71.0,99.0,54.0
2020-06-16-0626,5.6,7.6,2.9,84.0,99.0,54.0
2020-06-16-0631,6.0,7.6,2.9,89.0,99.0,54.0
2020-06-16-0636,5.8,7.6,2.9,98.0,99.0,54.0
2020-06-16-0641,6.4,7.6,2.9,100.0,102.0,54.0
2020-06-16-0646,6.6,7.6,2.9,92.0,102.0,54.0
2020-06-16-0651,5.8,7.6,2.9,80.0,102.0,54.0
2020-06-16-0656,5.2,7.6,2.9,79.0,102.0,54.0
2020-06-16-0701,5.6,7.6,2.9,68.0,102.0,54.0
2020-06-16-0706,5.6,7.6,2.9,79.0,102.0,54.0
2020-06-16-0711,5.4,7.6,2.9,81.0,102.0,54.0
2020-06-16-0716,6.0,7.6,2.9,81.0,102.0,54.0
2020-06-16-0721,5.8,7.6,2.9,85.0,102.0,54.0
2020-06-16-0726,6.0,7.6,2.9,77.0,102.0,54.0
2020-06-16-0731,6.2,7.6,2.9,77.0,102.0,54.0
2020-06-16-0736,6.8,7.6,2.9,86.0,102.0,54.0
2020-06-16-0741,6.4,7.6,2.9,82.0,102.0,54.0
2020-06-16-0746,6.6,7.6,2.9,78.0,102.0,54.0
2020-06-16-0751,5.6,7.6,2.9,71.0,102.0,54.0
2020-06-16-0756,4.5,7.6,2.9,70.0,102.0,54.0
2020-06-16-0801,3.7,7.6,2.9,93.0,102.0,54.0
2020-06-16-0806,4.3,7.6,2.9,77.0,102.0,54.0
2020-06-16-0811,5.4,7.6,2.9,68.0,102.0,54.0
2020-06-16-0816,5.4,7.6,2.9,75.0,102.0,54.0
2020-06-16-0821,5.1,7.6,2.9,64.0,102.0,54.0
2020-06-16-0826,6.8,7.6,2.9,57.0,102.0,54.0
2020-06-16-0831,5.8,7.6,2.9,68.0,102.0,54.0
2020-06-16-0836,6.2,7.6,2.9,70.0,102.0,54.0
2020-06-16-0841,5.1,7.6,2.9,69.0,102.0,54.0
2020-06-16-0846,4.9,7.6,2.9,73.0,102.0,54.0
2020-06-16-0851,3.7,7.6,2.9,80.0,102.0,54.0
2020-06-16-0856,4.5,7.6,2.9,89.0,102.0,54.0
2020-06-16-0901,4.3,7.6,2.9,70.0,102.0,54.0
2020-06-16-0906,3.3,7.6,2.9,95.0,102.0,54.0
2020-06-16-0911,5.6,7.6,2.9,110.0,110.0,54.0
2020-06-16-0916,4.5,7.6,2.9,110.0,116.0,54.0
2020-06-16-0921,6.0,7.6,2.9,98.0,116.0,54.0
2020-06-16-0926,5.8,7.6,2.9,102.0,116.0,54.0
2020-06-16-0931,6.2,7.6,2.9,106.0,116.0,54.0
2020-06-16-0936,7.6,7.6,2.9,95.0,116.0,54.0
2020-06-16-0941,6.8,7.6,2.9,97.0,116.0,54.0
2020-06-16-0946,7.2,7.6,2.9,112.0,116.0,54.0
2020-06-16-0951,7.6,7.6,2.9,103.0,116.0,54.0
2020-06-16-0956,7.8,8.0,2.9,112.0,116.0,54.0
2020-06-16-1001,7.2,8.0,2.9,114.0,116.0,54.0
2020-06-16-1006,7.2,8.0,2.9,104.0,116.0,54.0
2020-06-16-1011,6.4,8.0,2.9,106.0,116.0,54.0
2020-06-16-1016,7.0,8.0,2.9,112.0,116.0,54.0
2020-06-16-1021,7.4,8.0,2.9,98.0,116.0,54.0
2020-06-16-1026,7.2,8.0,2.9,95.0,116.0,54.0
2020-06-16-1031,7.8,8.2,2.9,88.0,116.0,54.0
2020-06-16-1036,8.6,8.6,2.9,94.0,116.0,54.0
2020-06-16-1041,7.8,8.6,2.9,95.0,116.0,54.0
2020-06-16-1046,8.6,8.6,2.9,93.0,116.0,54.0
2020-06-16-1051,7.8,8.6,2.9,99.0,116.0,54.0
2020-06-16-1056,8.0,8.6,2.9,94.0,116.0,54.0
2020-06-16-1101,7.8,8.6,2.9,103.0,116.0,54.0
2020-06-16-1106,7.8,8.6,2.9,100.0,116.0,54.0
2020-06-16-1116,8.0,8.6,2.9,93.0,116.0,54.0
2020-06-16-1121,8.2,8.6,2.9,103.0,116.0,54.0
2020-06-16-1126,8.7,8.7,2.9,99.0,116.0,54.0
2020-06-16-1151,8.0,9.5,2.9,97.0,116.0,54.0
2020-06-16-1156,8.4,9.5,2.9,96.0,116.0,54.0
2020-06-16-1201,7.8,9.5,2.9,99.0,116.0,54.0
2020-06-16-1206,8.9,9.5,2.9,94.0,116.0,56.0
2020-06-16-1211,8.6,10.3,2.9,98.0,116.0,57.0
2020-06-16-1216,8.7,10.3,2.9,98.0,116.0,57.0
2020-06-16-1221,8.2,10.3,2.9,100.0,116.0,57.0
2020-06-16-1226,8.9,10.3,2.9,91.0,116.0,57.0
2020-06-16-1231,9.1,10.3,2.9,89.0,116.0,57.0
2020-06-16-1236,7.2,10.3,2.9,98.0,116.0,57.0
2020-06-16-1241,8.0,10.3,2.9,93.0,116.0,57.0
2020-06-16-1246,9.1,10.3,2.9,94.0,116.0,57.0
2020-06-16-1251,8.2,10.3,2.9,89.0,116.0,57.0
2020-06-16-1256,7.6,10.3,2.9,102.0,116.0,57.0
2020-06-16-1301,7.8,10.3,2.9,100.0,116.0,57.0
2020-06-16-1306,9.1,10.3,2.9,97.0,116.0,57.0
2020-06-16-1311,8.6,10.3,2.9,105.0,116.0,57.0
2020-06-16-1316,10.3,10.3,2.9,95.0,116.0,57.0
2020-06-16-1321,7.8,10.3,2.9,106.0,116.0,57.0
2020-06-16-1326,8.7,10.3,2.9,101.0,116.0,57.0
2020-06-16-1331,8.2,10.3,2.9,99.0,116.0,57.0
2020-06-16-1336,7.2,10.3,2.9,101.0,116.0,57.0
2020-06-16-1341,7.4,10.3,2.9,107.0,116.0,57.0
2020-06-16-1346,8.4,10.3,2.9,94.0,116.0,57.0
2020-06-16-1351,8.7,10.3,2.9,104.0,116.0,57.0
2020-06-16-1356,8.0,10.3,2.9,97.0,116.0,57.0
2020-06-16-1401,6.6,10.3,2.9,105.0,116.0,57.0
2020-06-16-1406,9.1,10.3,2.9,111.0,117.0,57.0
2020-06-16-1411,7.0,10.3,2.9,109.0,130.0,57.0
2020-06-16-1416,6.4,10.3,2.9,105.0,130.0,57.0
2020-06-16-1421,6.8,10.3,2.9,126.0,130.0,57.0
2020-06-16-1426,7.8,10.3,2.9,113.0,130.0,57.0
2020-06-16-1431,6.8,10.3,2.9,100.0,130.0,63.0
2020-06-16-1436,6.0,10.3,2.9,112.0,130.0,63.0
2020-06-16-1441,6.4,10.3,2.9,130.0,138.0,63.0
2020-06-16-1446,6.0,10.3,2.9,129.0,138.0,70.0
2020-06-16-1451,7.0,10.3,2.9,111.0,138.0,70.0
2020-06-16-1456,4.5,10.3,2.9,105.0,138.0,70.0
2020-06-16-1501,5.6,10.3,2.9,107.0,138.0,70.0
2020-06-16-1506,5.6,10.3,3.1,95.0,138.0,87.0
2020-06-16-1511,5.4,10.3,4.3,81.0,138.0,80.0
2020-06-16-1516,6.2,10.3,4.3,103.0,138.0,80.0
2020-06-16-1521,4.9,10.3,4.3,99.0,138.0,80.0
2020-06-16-1526,5.6,10.3,3.1,73.0,138.0,73.0
2020-06-16-1531,5.8,10.3,3.1,75.0,138.0,70.0
2020-06-16-1536,5.8,10.3,3.1,83.0,138.0,70.0
2020-06-16-1541,5.1,10.3,3.1,98.0,138.0,70.0
2020-06-16-1546,5.4,10.3,3.1,103.0,138.0,70.0
2020-06-16-1551,4.9,10.3,3.1,107.0,138.0,70.0
2020-06-16-1556,6.8,10.3,3.1,111.0,138.0,70.0
2020-06-16-1601,6.8,10.3,3.1,118.0,138.0,70.0
2020-06-16-1606,6.0,10.3,3.1,106.0,138.0,70.0
2020-06-16-1611,6.4,10.3,3.1,116.0,138.0,70.0
2020-06-16-1616,6.8,10.3,3.1,100.0,138.0,70.0
2020-06-16-1621,7.0,10.3,3.1,99.0,138.0,70.0
2020-06-16-1626,7.6,10.3,3.1,94.0,138.0,70.0
2020-06-16-1631,8.2,10.3,3.1,100.0,138.0,70.0
2020-06-16-1636,7.2,10.3,3.1,94.0,138.0,70.0
2020-06-16-1641,7.6,10.3,3.1,89.0,138.0,70.0
2020-06-16-1646,7.6,10.3,3.1,92.0,138.0,70.0
2020-06-16-1651,8.0,10.3,3.1,90.0,138.0,70.0
2020-06-16-1656,8.2,10.3,3.1,96.0,138.0,70.0
2020-06-16-1701,7.4,10.3,3.1,90.0,138.0,70.0
2020-06-16-1706,7.8,10.3,3.1,101.0,138.0,70.0
2020-06-16-1711,7.4,10.3,3.1,93.0,138.0,70.0
2020-06-16-1716,8.2,10.3,3.1,84.0,138.0,70.0
2020-06-16-1721,8.7,10.3,3.1,83.0,138.0,70.0
2020-06-16-1737,8.7,10.3,3.1,83.0,138.0,70.0
2020-06-16-1739,8.7,10.3,3.1,83.0,138.0,70.0
2020-06-16-1726,7.8,10.3,3.1,84.0,138.0,70.0
2020-06-16-1731,7.2,10.3,3.1,101.0,138.0,70.0
2020-06-16-1736,7.2,10.3,3.1,95.0,138.0,70.0
2020-06-16-1741,7.0,10.3,3.1,88.0,138.0,70.0
2020-06-16-1746,7.2,10.3,3.1,85.0,138.0,70.0
2020-06-16-1751,7.6,10.3,3.1,92.0,138.0,70.0
2020-06-16-1756,7.8,10.3,3.1,91.0,138.0,70.0
2020-06-16-1811,7.8,10.3,3.1,91.0,138.0,70.0
2020-06-16-1811,7.8,10.3,3.1,91.0,138.0,70.0
2020-06-16-1801,9.1,10.3,3.1,84.0,138.0,70.0
2020-06-16-1806,7.4,10.3,3.1,89.0,138.0,70.0
2020-06-16-1811,7.8,10.3,3.1,89.0,138.0,70.0
2020-06-16-1816,7.0,10.3,3.1,95.0,138.0,70.0
2020-06-16-1821,7.0,10.3,3.1,96.0,138.0,70.0
2020-06-16-1826,8.0,10.3,3.1,95.0,138.0,70.0
2020-06-16-1831,7.0,10.3,3.1,90.0,138.0,70.0
2020-06-16-1836,7.2,10.3,3.1,88.0,138.0,70.0
2020-06-16-1846,6.2,10.3,3.1,88.0,138.0,70.0
2020-06-16-1846,6.2,10.3,3.1,88.0,138.0,70.0
2020-06-16-1851,7.4,10.3,3.1,87.0,138.0,70.0
2020-06-16-1856,7.2,10.3,3.1,89.0,138.0,70.0
2020-06-16-1901,7.0,10.3,3.1,91.0,138.0,70.0
2020-06-16-1956,9.5,10.1,3.1,77.0,138.0,70.0
2020-06-16-2001,8.6,10.1,3.1,76.0,138.0,70.0
2020-06-16-2006,8.2,10.1,3.1,88.0,138.0,70.0
2020-06-16-2011,8.6,10.1,3.1,84.0,138.0,70.0
2020-06-16-2016,8.4,10.1,3.1,78.0,138.0,70.0
2020-06-16-2046,8.9,11.5,3.1,89.0,129.0,70.0
2020-06-16-2051,8.7,11.5,3.1,88.0,123.0,70.0
2020-06-16-2056,8.6,11.5,3.1,100.0,123.0,70.0
2020-06-16-2101,9.9,11.5,3.1,95.0,123.0,70.0
2020-06-16-2106,9.1,11.5,3.1,104.0,123.0,70.0
2020-06-16-2111,8.4,11.5,3.1,109.0,123.0,70.0
2020-06-16-2116,8.2,11.5,3.1,105.0,123.0,70.0
2020-06-16-2116,8.2,11.5,3.1,105.0,123.0,70.0
2020-06-16-2121,8.9,11.5,3.1,110.0,123.0,70.0
2020-06-16-2126,8.7,11.5,4.9,108.0,123.0,70.0
2020-06-16-2131,8.2,11.5,4.9,107.0,123.0,71.0
2020-06-17-0016,8.9,12.1,5.4,106.0,115.0,71.0
2020-06-17-0636,9.9,13.0,7.6,108.0,125.0,98.0
2020-06-17-0641,10.3,13.0,7.6,107.0,125.0,98.0
2020-06-17-0811,9.9,13.0,7.6,125.0,125.0,99.0
2020-06-17-0816,11.3,13.0,7.6,124.0,125.0,99.0
2020-06-17-0821,11.9,13.0,7.6,124.0,125.0,99.0
2020-06-17-0826,11.9,13.0,7.6,121.0,125.0,99.0
2020-06-17-0906,10.7,13.8,7.6,121.0,127.0,99.0
2020-06-17-0916,8.6,13.8,7.6,120.0,127.0,99.0
2020-06-17-0921,9.5,13.8,7.6,118.0,127.0,99.0
2020-06-17-0926,9.5,13.8,7.6,110.0,127.0,99.0
2020-06-17-0931,10.9,13.8,7.6,104.0,127.0,99.0
2020-06-17-0936,11.5,13.8,7.6,101.0,127.0,99.0
2020-06-17-0941,10.9,13.8,7.6,103.0,127.0,99.0
2020-06-17-1016,11.7,13.8,8.2,105.0,127.0,99.0
2020-06-17-1511,6.6,13.6,4.1,139.0,157.0,86.0
2020-06-17-1516,7.6,13.6,4.1,131.0,157.0,86.0
2020-06-17-1526,6.6,13.6,4.1,141.0,157.0,86.0
2020-06-17-1531,7.8,13.6,4.1,135.0,157.0,86.0
2020-06-17-1546,8.7,13.6,4.1,129.0,157.0,86.0
2020-06-17-1551,8.2,13.6,4.1,134.0,157.0,86.0
2020-06-17-1556,8.0,13.6,4.1,130.0,157.0,86.0
2020-06-17-1601,8.0,13.6,4.1,128.0,157.0,86.0
2020-06-17-1621,8.7,13.6,4.1,140.0,157.0,86.0
2020-06-17-1711,9.7,13.6,4.1,166.0,167.0,86.0
2020-06-17-1716,8.4,13.6,4.1,159.0,167.0,86.0
2020-06-17-1721,8.4,13.6,4.1,162.0,167.0,86.0
2020-06-17-1726,7.0,13.6,4.1,152.0,167.0,86.0
2020-06-17-1731,9.3,13.6,4.1,152.0,167.0,86.0
2020-06-17-1736,9.3,13.6,4.1,145.0,167.0,86.0
2020-06-17-1741,8.2,13.6,4.1,145.0,167.0,86.0
2020-06-17-1746,11.5,13.6,4.1,149.0,167.0,86.0
2020-06-17-1751,10.7,13.6,4.1,146.0,167.0,86.0
2020-06-17-1756,9.7,13.6,4.1,140.0,167.0,86.0
2020-06-17-1801,9.9,13.6,4.1,143.0,167.0,86.0
2020-06-17-1806,11.1,13.6,4.1,153.0,167.0,86.0
2020-06-17-1811,11.7,13.6,4.1,150.0,167.0,86.0
2020-06-17-1811,11.7,13.6,4.1,150.0,167.0,86.0
2020-06-17-1816,13.4,13.6,4.1,148.0,167.0,86.0
2020-06-17-1821,11.3,13.6,4.1,150.0,167.0,86.0
2020-06-17-1826,13.2,13.6,4.1,148.0,167.0,86.0
2020-06-17-1831,12.2,13.8,4.1,151.0,167.0,86.0
2020-06-17-1836,10.5,13.8,4.1,147.0,167.0,86.0
2020-06-17-1841,10.3,13.8,4.1,149.0,167.0,86.0
2020-06-17-1846,9.7,13.8,4.1,149.0,167.0,86.0
2020-06-17-1902,9.7,13.8,4.1,149.0,167.0,86.0
2020-06-17-1904,10.1,13.8,4.1,150.0,167.0,86.0
2020-06-17-1851,10.1,13.8,4.1,150.0,167.0,86.0
2020-06-17-1856,8.9,13.8,4.1,138.0,167.0,86.0
2020-06-17-1901,12.2,13.8,4.1,148.0,167.0,86.0
2020-06-17-2146,9.7,13.8,6.4,136.0,167.0,127.0
2020-06-17-2151,9.9,13.8,6.4,137.0,167.0,127.0
2020-06-17-2156,7.8,13.8,6.4,134.0,167.0,127.0
2020-06-17-2201,8.2,13.8,6.8,135.0,167.0,128.0
2020-06-17-2206,7.8,13.8,6.8,134.0,167.0,130.0
2020-06-17-2211,8.6,13.8,6.8,135.0,167.0,130.0
2020-06-17-2216,8.0,13.8,6.8,132.0,167.0,130.0
2020-06-17-2221,9.1,13.8,6.8,136.0,167.0,130.0
2020-06-17-2226,10.3,13.8,6.8,138.0,167.0,130.0
2020-06-17-2231,8.7,13.8,6.8,134.0,167.0,130.0
2020-06-17-2236,7.6,13.8,6.8,126.0,167.0,126.0
2020-06-17-2241,8.2,13.8,7.0,135.0,167.0,126.0
2020-06-17-2246,6.8,13.8,6.6,135.0,167.0,126.0
2020-06-17-2251,7.2,13.8,6.6,133.0,167.0,126.0
2020-06-17-2256,8.2,13.8,6.6,135.0,167.0,126.0
2020-06-17-2301,8.6,13.8,6.6,137.0,166.0,126.0
2020-06-17-2306,9.1,13.8,6.6,138.0,166.0,126.0
2020-06-17-2311,9.7,13.8,6.6,139.0,166.0,126.0
2020-06-17-2316,10.3,13.8,6.6,139.0,162.0,126.0
2020-06-17-2321,10.9,13.8,6.6,140.0,162.0,126.0
2020-06-17-2326,10.7,13.8,6.6,141.0,153.0,126.0
2020-06-17-2331,11.3,13.8,6.6,144.0,153.0,126.0
2020-06-17-2336,9.9,13.8,6.6,144.0,153.0,126.0
2020-06-17-2341,10.7,13.8,6.6,142.0,153.0,126.0
2020-06-17-2346,10.9,13.8,6.6,141.0,153.0,126.0
2020-06-17-2351,11.3,13.8,6.6,146.0,153.0,126.0
2020-06-18-0006,11.7,13.8,6.6,146.0,153.0,126.0
2020-06-18-0011,11.7,13.8,6.6,144.0,152.0,126.0
2020-06-18-0016,11.3,13.8,6.6,145.0,152.0,126.0
2020-06-18-0051,11.7,13.6,6.6,149.0,153.0,126.0
2020-06-18-0101,9.7,13.6,6.6,142.0,153.0,126.0
2020-06-18-0111,11.5,13.6,6.6,124.0,153.0,124.0
2020-06-18-0121,14.4,14.4,6.6,144.0,153.0,124.0
2020-06-18-0141,15.9,16.5,6.6,148.0,153.0,124.0
2020-06-18-0146,15.2,16.5,6.6,145.0,153.0,124.0
2020-06-18-0151,14.6,16.5,6.6,142.0,153.0,124.0
2020-06-18-0211,11.9,16.5,6.6,141.0,153.0,124.0
2020-06-18-0231,11.7,16.5,6.6,143.0,153.0,124.0
2020-06-18-0241,10.9,16.5,6.6,147.0,153.0,124.0
2020-06-18-0246,9.7,16.5,6.6,140.0,153.0,124.0
2020-06-18-0251,10.9,16.5,6.6,133.0,153.0,124.0
2020-06-18-0301,11.3,16.5,6.6,137.0,153.0,124.0
2020-06-18-0311,10.3,16.5,6.6,134.0,153.0,124.0
2020-06-18-0316,10.5,16.5,6.6,139.0,153.0,124.0
2020-06-18-0321,11.3,16.5,6.6,139.0,153.0,124.0
2020-06-18-0326,10.9,16.5,6.6,144.0,153.0,124.0
2020-06-18-0331,8.9,16.5,6.6,141.0,153.0,124.0
2020-06-18-0336,9.1,16.5,6.6,144.0,153.0,124.0
2020-06-18-0341,9.3,16.5,6.6,145.0,153.0,124.0
2020-06-18-0346,10.9,16.5,6.6,152.0,153.0,124.0
2020-06-18-0351,9.9,16.5,6.6,149.0,153.0,124.0
2020-06-18-0356,9.1,16.5,6.6,151.0,153.0,124.0
2020-06-18-0401,8.7,16.5,6.6,152.0,153.0,124.0
2020-06-18-0406,8.9,16.5,6.6,156.0,156.0,124.0
2020-06-18-0411,9.9,16.5,6.6,161.0,161.0,124.0
2020-06-18-0416,10.7,16.5,6.6,161.0,162.0,124.0
2020-06-18-0421,10.7,16.5,6.6,169.0,169.0,124.0
2020-06-18-0426,10.5,16.5,6.6,174.0,174.0,124.0
2020-06-18-0431,10.5,16.5,6.6,172.0,174.0,124.0
2020-06-18-0436,10.3,16.5,6.6,172.0,175.0,124.0
2020-06-18-0441,10.3,16.5,6.6,170.0,175.0,124.0
2020-06-18-0446,11.3,16.5,6.8,172.0,175.0,124.0
2020-06-18-0451,11.1,16.5,7.2,175.0,179.0,124.0
2020-06-18-0456,12.8,16.5,8.2,176.0,179.0,124.0
2020-06-18-0501,11.3,16.5,8.2,185.0,185.0,124.0
2020-06-18-0511,11.5,16.5,8.6,177.0,187.0,124.0
2020-06-18-0516,11.3,16.5,8.6,178.0,187.0,124.0
2020-06-18-0521,9.9,16.5,8.6,179.0,187.0,124.0
2020-06-18-0526,10.5,16.5,8.6,177.0,187.0,124.0
2020-06-18-0531,10.3,16.5,8.6,179.0,187.0,124.0
2020-06-18-0536,11.3,16.5,8.6,178.0,187.0,124.0
2020-06-18-0541,11.9,16.5,8.6,175.0,187.0,124.0
2020-06-18-0546,10.3,16.5,8.6,174.0,187.0,124.0
2020-06-18-0551,9.1,16.5,8.6,168.0,187.0,124.0
2020-06-18-0556,8.9,16.5,8.4,165.0,187.0,124.0
2020-06-18-0601,9.1,16.5,8.4,165.0,187.0,124.0
2020-06-18-0606,8.7,16.5,8.4,163.0,187.0,124.0
2020-06-18-0611,9.3,16.5,8.4,161.0,187.0,124.0
2020-06-18-0616,9.9,16.5,8.4,163.0,187.0,124.0
2020-06-18-0621,9.3,16.5,8.4,162.0,187.0,124.0
2020-06-18-0626,8.7,16.5,8.4,159.0,187.0,124.0
2020-06-18-0631,8.6,16.5,8.4,158.0,187.0,124.0
2020-06-18-0636,7.8,16.5,7.4,155.0,187.0,124.0
2020-06-18-0641,8.2,16.5,7.4,153.0,187.0,124.0
2020-06-18-0646,8.4,16.5,7.4,151.0,187.0,124.0
2020-06-18-0651,8.9,16.5,7.4,143.0,187.0,124.0
2020-06-18-0656,7.8,16.5,7.4,145.0,187.0,124.0
2020-06-18-0701,8.0,16.5,7.4,141.0,187.0,124.0
2020-06-18-0706,7.8,16.5,7.0,144.0,187.0,124.0
2020-06-18-0711,8.2,16.5,7.0,146.0,187.0,124.0
2020-06-18-0716,8.6,16.5,7.0,148.0,187.0,131.0
2020-06-18-0721,8.7,16.5,7.0,150.0,187.0,131.0
2020-06-18-0726,8.0,16.5,7.0,161.0,187.0,131.0
2020-06-18-0731,8.0,16.5,7.0,158.0,187.0,131.0
2020-06-18-0731,8.0,16.5,7.0,158.0,187.0,131.0
2020-06-18-0736,6.4,16.5,6.4,156.0,187.0,131.0
2020-06-18-0741,7.0,15.9,6.4,149.0,187.0,131.0
2020-06-18-0746,6.4,15.9,6.2,148.0,187.0,131.0
2020-06-18-0751,6.0,15.6,6.0,142.0,187.0,131.0
2020-06-18-0756,8.2,13.8,6.0,141.0,187.0,131.0
2020-06-18-0801,6.4,13.8,6.0,144.0,187.0,131.0
2020-06-18-0806,5.8,13.8,5.8,144.0,187.0,131.0
2020-06-18-0811,5.8,13.8,5.2,156.0,187.0,131.0
2020-06-18-0816,6.0,13.8,5.2,154.0,187.0,131.0
2020-06-18-0821,5.4,13.8,5.2,148.0,187.0,131.0
2020-06-18-0826,5.8,12.8,4.5,139.0,187.0,131.0
2020-06-18-0831,5.1,12.8,4.5,139.0,187.0,131.0
2020-06-18-0836,6.0,12.8,4.5,125.0,187.0,125.0
2020-06-18-0841,5.6,12.8,4.5,126.0,187.0,125.0
2020-06-18-0846,6.0,12.8,4.5,123.0,187.0,121.0
2020-06-18-0851,5.6,12.8,4.5,136.0,187.0,121.0
2020-06-18-0856,5.6,12.8,4.5,140.0,187.0,121.0
2020-06-18-0901,6.0,12.8,4.5,136.0,187.0,121.0
2020-06-18-0906,6.0,12.8,4.5,134.0,187.0,121.0
2020-06-18-0911,6.0,12.8,4.5,133.0,187.0,121.0
2020-06-18-0916,6.6,12.8,4.5,128.0,187.0,121.0
2020-06-18-0921,6.6,12.8,4.5,129.0,187.0,121.0
2020-06-18-0926,7.4,12.8,4.5,131.0,187.0,121.0
2020-06-18-0931,6.8,12.8,4.5,125.0,187.0,121.0
2020-06-18-0936,5.8,12.8,4.5,130.0,187.0,121.0
2020-06-18-0941,6.0,12.8,4.5,128.0,187.0,121.0
2020-06-18-0946,7.2,12.8,4.5,126.0,187.0,121.0
2020-06-18-0951,7.0,12.8,4.5,128.0,187.0,120.0
2020-06-18-0956,7.8,12.8,4.5,119.0,187.0,117.0
2020-06-18-1001,9.5,12.8,4.5,117.0,187.0,110.0
2020-06-18-1006,9.7,12.8,4.5,132.0,187.0,110.0
2020-06-18-1011,9.7,12.8,4.5,141.0,187.0,110.0
2020-06-18-1016,8.9,12.8,4.5,144.0,187.0,110.0
2020-06-18-1021,8.7,12.8,4.5,147.0,187.0,110.0
2020-06-18-1026,7.8,12.8,4.5,162.0,187.0,110.0
2020-06-18-1031,7.0,12.8,4.5,146.0,187.0,110.0
2020-06-18-1036,5.8,12.8,4.5,133.0,187.0,110.0
2020-06-18-1041,7.8,12.8,4.5,138.0,187.0,110.0
2020-06-18-1046,8.4,12.8,4.5,136.0,187.0,110.0
2020-06-18-1051,8.6,12.8,4.5,134.0,187.0,110.0
2020-06-18-1056,8.7,12.8,4.5,139.0,187.0,110.0
2020-06-18-1101,9.5,12.1,4.5,137.0,187.0,110.0
2020-06-18-1106,9.1,12.1,4.5,139.0,184.0,110.0
2020-06-18-1111,8.4,12.1,4.5,145.0,179.0,110.0
2020-06-18-1116,7.6,12.1,4.5,144.0,179.0,110.0
2020-06-18-1121,7.0,12.1,4.5,140.0,179.0,110.0
2020-06-18-1126,6.8,12.1,4.5,152.0,179.0,110.0
2020-06-18-1131,6.6,12.1,4.5,150.0,179.0,110.0
2020-06-18-1136,7.6,12.1,4.5,150.0,178.0,110.0
2020-06-18-1141,7.6,11.9,4.5,143.0,177.0,110.0
2020-06-18-1146,7.0,10.3,4.5,136.0,177.0,110.0
2020-06-18-1151,7.0,10.3,4.5,133.0,169.0,110.0
2020-06-18-1156,6.4,10.3,4.5,139.0,168.0,110.0
2020-06-18-1201,5.4,10.3,4.5,136.0,167.0,110.0
2020-06-18-1206,5.6,10.3,4.5,131.0,166.0,110.0
2020-06-18-1211,5.2,10.3,4.5,128.0,166.0,110.0
2020-06-18-1216,5.2,10.3,4.5,124.0,165.0,110.0
2020-06-18-1221,6.2,10.3,4.5,149.0,162.0,110.0
2020-06-18-1226,5.6,10.3,4.5,152.0,162.0,110.0
2020-06-18-1231,6.8,10.3,4.5,145.0,162.0,110.0
2020-06-18-1236,6.8,10.3,4.5,155.0,162.0,110.0
2020-06-18-1241,7.4,10.3,4.5,157.0,162.0,110.0
2020-06-18-1246,7.2,10.3,4.5,147.0,162.0,110.0
2020-06-18-1251,6.4,10.3,4.5,136.0,162.0,110.0
2020-06-18-1256,6.2,10.3,4.5,139.0,162.0,110.0
2020-06-18-1506,4.7,10.3,4.1,171.0,172.0,110.0
2020-06-18-1511,4.9,10.3,4.1,154.0,177.0,110.0
2020-06-18-1516,4.7,10.3,4.1,172.0,177.0,110.0
2020-06-18-1521,3.5,10.3,3.5,172.0,177.0,110.0
